MarketPriceKey,DateKey,AssetKey,ClosePrice
1,20250501,8,85401.4140625
2,20250501,9,1627.819580078125
3,20250501,10,133.5081329345703
4,20250502,1,8.862000465393066
5,20250502,2,45.029998779296875
6,20250502,3,71.68000030517578
7,20250502,4,18.052000045776367
8,20250502,5,609.0999755859375
9,20250502,6,55.54999923706055
10,20250502,7,1576.0
11,20250502,8,85741.1796875
12,20250502,9,1630.335693359375
13,20250502,10,130.9872589111328
14,20250502,11,95.64800262451172
15,20250502,12,191.77999877929688
16,20250502,13,532.3599853515625
17,20250503,8,84840.265625
18,20250503,9,1622.4896240234375
19,20250503,10,129.8778076171875
20,20250504,8,83307.4140625
21,20250504,9,1597.4951171875
22,20250504,10,127.17735290527344
23,20250505,1,8.88599967956543
24,20250505,2,45.404998779296875
25,20250505,3,71.51000213623047
26,20250505,4,18.219999313354492
27,20250505,5,606.5999755859375
28,20250505,6,56.900001525878906
29,20250505,7,1627.0
30,20250505,8,83756.9921875
31,20250505,9,1608.607177734375
32,20250505,10,129.6793975830078
33,20250505,11,95.78199768066406
34,20250505,12,193.86000061035156
35,20250505,13,531.9400024414062
36,20250506,1,8.83899974822998
37,20250506,2,44.880001068115234
38,20250506,3,70.9000015258789
39,20250506,4,18.006000518798828
40,20250506,5,601.7999877929688
41,20250506,6,58.20000076293945
42,20250506,7,1645.0
43,20250506,8,85362.75
44,20250506,9,1600.587646484375
45,20250506,10,129.42213439941406
46,20250506,11,95.27999877929688
47,20250506,12,193.1999969482422
48,20250506,13,528.4199829101562
49,20250507,1,8.791000366210938
50,20250507,2,45.04499816894531
51,20250507,3,70.41999816894531
52,20250507,4,17.88599967956543
53,20250507,5,604.4000244140625
54,20250507,6,58.01499938964844
55,20250507,7,1633.5
56,20250507,8,85846.2421875
57,20250507,9,1602.760986328125
58,20250507,10,130.24266052246094
59,20250507,11,94.82599639892578
60,20250507,12,192.13999938964844
61,20250507,13,526.1400146484375
62,20250508,1,8.928999900817871
63,20250508,2,46.19499969482422
64,20250508,3,72.31999969482422
65,20250508,4,18.600000381469727
66,20250508,5,630.0999755859375
67,20250508,6,57.6349983215332
68,20250508,7,1701.0
69,20250508,8,91947.875
70,20250508,9,1965.14404296875
71,20250508,10,146.02511596679688
72,20250508,11,96.36599731445312
73,20250508,12,194.0
74,20250508,13,536.8800048828125
75,20250509,1,8.913999557495117
76,20250509,2,45.625
77,20250509,3,72.13999938964844
78,20250509,4,18.549999237060547
79,20250509,5,627.7000122070312
80,20250509,6,57.650001525878906
81,20250509,7,1694.0
82,20250509,8,91525.640625
83,20250509,9,2084.80419921875
84,20250509,10,153.61842346191406
85,20250509,11,96.31800079345703
86,20250509,12,195.02000427246094
87,20250509,13,535.47998046875
88,20250510,8,93059.328125
89,20250510,9,2295.386474609375
90,20250510,10,157.87913513183594
91,20250511,8,92717.7421875
92,20250511,9,2235.633056640625
93,20250511,10,154.09840393066406
94,20250512,1,9.23799991607666
95,20250512,2,45.119998931884766
96,20250512,3,75.55999755859375
97,20250512,4,19.6299991607666
98,20250512,5,667.0999755859375
99,20250512,6,56.619998931884766
100,20250512,7,1594.0
101,20250512,8,92655.1328125
102,20250512,9,2249.756103515625
103,20250512,10,157.03237915039062
104,20250512,11,99.48400115966797
105,20250512,12,195.6199951171875
106,20250512,13,556.52001953125
107,20250513,1,9.277000427246094
108,20250513,2,45.28499984741211
109,20250513,3,76.80999755859375
110,20250513,4,20.1299991607666
111,20250513,5,683.5
112,20250513,6,56.51499938964844
113,20250513,7,1608.5
114,20250513,8,93123.5390625
115,20250513,9,2395.926025390625
116,20250513,10,164.49404907226562
117,20250513,11,100.08999633789062
118,20250513,12,196.24000549316406
119,20250513,13,561.4600219726562
120,20250514,1,9.258000373840332
121,20250514,2,45.349998474121094
122,20250514,3,77.01000213623047
123,20250514,4,20.280000686645508
124,20250514,5,686.2999877929688
125,20250514,6,55.20000076293945
126,20250514,7,1592.0
127,20250514,8,92590.328125
128,20250514,9,2334.05419921875
129,20250514,10,158.02256774902344
130,20250514,11,99.84400177001953
131,20250514,12,195.13999938964844
132,20250514,13,560.47998046875
133,20250515,1,9.288999557495117
134,20250515,2,46.209999084472656
135,20250515,3,77.29000091552734
136,20250515,4,20.114999771118164
137,20250515,5,682.4000244140625
138,20250515,6,55.86000061035156
139,20250515,7,1682.0
140,20250515,8,92694.90625
141,20250515,9,2275.59375
142,20250515,10,151.0089111328125
143,20250515,11,100.22000122070312
144,20250515,12,196.4600067138672
145,20250515,13,562.0
146,20250516,1,9.350000381469727
147,20250516,2,46.84000015258789
148,20250516,3,77.56999969482422
149,20250516,4,20.315000534057617
150,20250516,5,668.4000244140625
151,20250516,6,55.45500183105469
152,20250516,7,1723.0
153,20250516,8,92715.125
154,20250516,9,2272.24609375
155,20250516,10,149.91297912597656
156,20250516,11,100.95500183105469
157,20250516,12,197.1199951171875
158,20250516,13,566.1799926757812
159,20250517,8,92447.9609375
160,20250517,9,2218.006103515625
161,20250517,10,148.65594482421875
162,20250518,8,95134.5234375
163,20250518,9,2232.7587890625
164,20250518,10,155.41937255859375
165,20250519,1,9.293999671936035
166,20250519,2,46.959999084472656
167,20250519,3,76.87000274658203
168,20250519,4,19.98200035095215
169,20250519,5,662.0
170,20250519,6,55.80500030517578
171,20250519,7,1752.5
172,20250519,8,94018.96875
173,20250519,9,2251.6640625
174,20250519,10,148.55572509765625
175,20250519,11,100.375
176,20250519,12,198.44000244140625
177,20250519,13,562.2000122070312
178,20250520,1,9.309000015258789
179,20250520,2,47.18000030517578
180,20250520,3,76.8499984741211
181,20250520,4,20.075000762939453
182,20250520,5,660.0999755859375
183,20250520,6,56.584999084472656
184,20250520,7,1780.0
185,20250520,8,94601.421875
186,20250520,9,2236.051513671875
187,20250520,10,149.2521209716797
188,20250520,11,100.61000061035156
189,20250520,12,199.3000030517578
190,20250520,13,562.5399780273438
191,20250521,1,9.229000091552734
192,20250521,2,47.04499816894531
193,20250521,3,76.58999633789062
194,20250521,4,19.881999969482422
195,20250521,5,664.5
196,20250521,6,56.755001068115234
197,20250521,7,1795.0
198,20250521,8,96784.8671875
199,20250521,9,2252.305908203125
200,20250521,10,153.2645721435547
201,20250521,11,99.79199981689453
202,20250521,12,199.9600067138672
203,20250521,13,556.739990234375
204,20250522,1,9.168000221252441
205,20250522,2,46.91999816894531
206,20250522,3,76.02999877929688
207,20250522,4,19.788000106811523
208,20250522,5,656.7999877929688
209,20250522,6,56.67499923706055
210,20250522,7,1770.0
211,20250522,8,98980.609375
212,20250522,9,2361.3515625
213,20250522,10,159.2674560546875
214,20250522,11,99.06800079345703
215,20250522,12,199.0399932861328
216,20250522,13,552.1599731445312
217,20250523,1,9.064000129699707
218,20250523,2,46.2400016784668
219,20250523,3,74.69999694824219
220,20250523,4,19.483999252319336
221,20250523,5,642.5
222,20250523,6,57.53499984741211
223,20250523,7,1783.5
224,20250523,8,94362.0859375
225,20250523,9,2222.063720703125
226,20250523,10,152.8834686279297
227,20250523,11,97.94999694824219
228,20250523,12,196.0399932861328
229,20250523,13,544.8599853515625
230,20250524,8,94804.8046875
231,20250524,9,2225.761474609375
232,20250524,10,154.83334350585938
233,20250525,8,95857.3671875
234,20250525,9,2243.357666015625
235,20250525,10,154.48728942871094
236,20250526,1,9.144000053405762
237,20250526,2,46.685001373291016
238,20250526,3,75.47000122070312
239,20250526,4,19.70599937438965
240,20250526,5,653.7999877929688
241,20250526,6,56.9900016784668
242,20250526,7,1842.0
243,20250526,8,96092.8046875
244,20250526,9,2251.410888671875
245,20250526,10,153.57577514648438
246,20250526,11,98.89199829101562
247,20250526,12,199.13999938964844
248,20250526,13,549.52001953125
249,20250527,1,9.206000328063965
250,20250527,2,47.415000915527344
251,20250527,3,76.2300033569336
252,20250527,4,19.892000198364258
253,20250527,5,666.5999755859375
254,20250527,6,56.474998474121094
255,20250527,7,1889.0
256,20250527,8,96136.0
257,20250527,9,2348.89404296875
258,20250527,10,155.95541381835938
259,20250527,11,99.6520004272461
260,20250527,12,200.89999389648438
261,20250527,13,554.47998046875
262,20250528,1,9.213000297546387
263,20250528,2,47.525001525878906
264,20250528,3,76.79000091552734
265,20250528,4,19.857999801635742
266,20250528,5,661.0999755859375
267,20250528,6,56.720001220703125
268,20250528,7,1898.0
269,20250528,8,95999.046875
270,20250528,9,2388.537353515625
271,20250528,10,153.33653259277344
272,20250528,11,99.73999786376953
273,20250528,12,199.24000549316406
274,20250528,13,556.739990234375
275,20250529,1,9.180999755859375
276,20250529,2,47.005001068115234
277,20250529,3,76.33999633789062
278,20250529,4,19.663999557495117
279,20250529,5,665.4000244140625
280,20250529,6,56.65999984741211
281,20250529,7,1878.5
282,20250529,8,92856.46875
283,20250529,9,2314.037841796875
284,20250529,10,146.42684936523438
285,20250529,11,99.302001953125
286,20250529,12,198.5
287,20250529,13,553.6599731445312
288,20250530,1,9.168999671936035
289,20250530,2,46.98500061035156
290,20250530,3,76.0
291,20250530,4,19.402000427246094
292,20250530,5,654.5999755859375
293,20250530,6,56.31999969482422
294,20250530,7,1885.0
295,20250530,8,91647.703125
296,20250530,9,2229.487548828125
297,20250530,10,137.68028259277344
298,20250530,11,99.30799865722656
299,20250530,12,199.0
300,20250530,13,553.3200073242188
301,20250531,8,92211.2734375
302,20250531,9,2228.73291015625
303,20250531,10,138.03651428222656
304,20250601,8,93059.53125
305,20250601,9,2233.97119140625
306,20250601,10,138.97836303710938
307,20250602,1,9.121999740600586
308,20250602,2,46.974998474121094
309,20250602,3,75.66999816894531
310,20250602,4,19.351999282836914
311,20250602,5,645.5999755859375
312,20250602,6,57.30500030517578
313,20250602,7,1819.0
314,20250602,8,92445.1640625
315,20250602,9,2276.2568359375
316,20250602,10,137.0749969482422
317,20250602,11,98.87000274658203
318,20250602,12,198.27999877929688
319,20250602,13,549.760009765625
320,20250603,1,9.239999771118164
321,20250603,2,47.755001068115234
322,20250603,3,77.05000305175781
323,20250603,4,19.70400047302246
324,20250603,5,653.5
325,20250603,6,57.21500015258789
326,20250603,7,1835.0
327,20250603,8,92613.1484375
328,20250603,9,2277.968505859375
329,20250603,10,136.45530700683594
330,20250603,11,100.06500244140625
331,20250603,12,199.67999267578125
332,20250603,13,558.4000244140625
333,20250604,1,9.239999771118164
334,20250604,2,47.654998779296875
335,20250604,3,77.05999755859375
336,20250604,4,19.8799991607666
337,20250604,5,654.7999877929688
338,20250604,6,57.35499954223633
339,20250604,7,1833.0
340,20250604,8,91701.4375
341,20250604,9,2284.080810546875
342,20250604,10,134.27896118164062
343,20250604,11,100.08999633789062
344,20250604,12,201.1999969482422
345,20250604,13,557.7999877929688
346,20250605,1,9.262999534606934
347,20250605,2,48.439998626708984
348,20250605,3,77.4800033569336
349,20250605,4,20.010000228881836
350,20250605,5,658.4000244140625
351,20250605,6,56.935001373291016
352,20250605,7,1882.0
353,20250605,8,88688.3984375
354,20250605,9,2109.717041015625
355,20250605,10,126.20392608642578
356,20250605,11,100.11499786376953
357,20250605,12,201.64999389648438
358,20250605,13,558.1599731445312
359,20250606,1,9.291000366210938
360,20250606,2,48.095001220703125
361,20250606,3,77.33999633789062
362,20250606,4,20.100000381469727
363,20250606,5,667.7000122070312
364,20250606,6,56.82500076293945
365,20250606,7,1788.0
366,20250606,8,91566.515625
367,20250606,9,2172.8837890625
368,20250606,10,129.74273681640625
369,20250606,11,100.5
370,20250606,12,201.5500030517578
371,20250606,13,560.1400146484375
372,20250607,8,92641.2734375
373,20250607,9,2216.13671875
374,20250607,10,131.6908416748047
375,20250608,8,92747.28125
376,20250608,9,2201.1591796875
377,20250608,10,133.632568359375
378,20250609,1,9.291999816894531
379,20250609,2,47.654998779296875
380,20250609,3,77.4000015258789
381,20250609,4,20.19499969482422
382,20250609,5,680.4000244140625
383,20250609,6,56.63999938964844
384,20250609,7,1774.5
385,20250609,8,96526.1953125
386,20250609,9,2346.7861328125
387,20250609,10,140.98011779785156
388,20250609,11,100.48999786376953
389,20250609,12,200.3000030517578
390,20250609,13,560.3400268554688
391,20250610,1,9.305000305175781
392,20250610,2,46.875
393,20250610,3,77.2699966430664
394,20250610,4,20.184999465942383
395,20250610,5,684.4000244140625
396,20250610,6,56.625
397,20250610,7,1671.5
398,20250610,8,96398.671875
399,20250610,9,2459.8779296875
400,20250610,10,144.2852783203125
401,20250610,11,100.48999786376953
402,20250610,12,198.9600067138672
403,20250610,13,560.97998046875
404,20250611,1,9.305999755859375
405,20250611,2,47.04999923706055
406,20250611,3,77.55999755859375
407,20250611,4,20.415000915527344
408,20250611,5,690.4000244140625
409,20250611,6,56.47999954223633
410,20250611,7,1720.0
411,20250611,8,94425.53125
412,20250611,9,2409.606201171875
413,20250611,10,139.92324829101562
414,20250611,11,100.49500274658203
415,20250611,12,198.6199951171875
416,20250611,13,561.3599853515625
417,20250612,1,9.218000411987305
418,20250612,2,47.185001373291016
419,20250612,3,76.69999694824219
420,20250612,4,20.045000076293945
421,20250612,5,678.0999755859375
422,20250612,6,56.849998474121094
423,20250612,7,1748.0
424,20250612,8,91251.8359375
425,20250612,9,2284.370361328125
426,20250612,10,131.61959838867188
427,20250612,11,99.5979995727539
428,20250612,12,196.97999572753906
429,20250612,13,555.5599975585938
430,20250613,1,9.177000045776367
431,20250613,2,48.10499954223633
432,20250613,3,76.27999877929688
433,20250613,4,19.809999465942383
434,20250613,5,665.2000122070312
435,20250613,6,57.470001220703125
436,20250613,7,1795.5
437,20250613,8,91857.59375
438,20250613,9,2233.4169921875
439,20250613,10,128.68807983398438
440,20250613,11,99.21199798583984
441,20250613,12,194.97999572753906
442,20250613,13,553.9199829101562
443,20250614,8,91322.015625
444,20250614,9,2193.55224609375
445,20250614,10,125.34194946289062
446,20250615,8,91390.953125
447,20250615,9,2205.1484375
448,20250615,10,132.31251525878906
449,20250616,1,9.215999603271484
450,20250616,2,48.099998474121094
451,20250616,3,76.80999755859375
452,20250616,4,19.972000122070312
453,20250616,5,670.5999755859375
454,20250616,6,57.095001220703125
455,20250616,7,1760.0
456,20250616,8,92432.2734375
457,20250616,9,2198.885986328125
458,20250616,10,130.57752990722656
459,20250616,11,99.5979995727539
460,20250616,12,196.3800048828125
461,20250616,13,555.9400024414062
462,20250617,1,9.20300006866455
463,20250617,2,48.165000915527344
464,20250617,3,76.81999969482422
465,20250617,4,20.040000915527344
466,20250617,5,666.4000244140625
467,20250617,6,56.9900016784668
468,20250617,7,1728.5
469,20250617,8,91100.875
470,20250617,9,2186.712646484375
471,20250617,10,128.6806182861328
472,20250617,11,99.4020004272461
473,20250617,12,194.24000549316406
474,20250617,13,555.8400268554688
475,20250618,1,9.192000389099121
476,20250618,2,48.02000045776367
477,20250618,3,76.7699966430664
478,20250618,4,19.983999252319336
479,20250618,5,665.0
480,20250618,6,57.1349983215332
481,20250618,7,1741.0
482,20250618,8,91393.3359375
483,20250618,9,2199.62841796875
484,20250618,10,127.5293197631836
485,20250618,11,99.33599853515625
486,20250618,12,193.3000030517578
487,20250618,13,555.5999755859375
488,20250619,1,9.12399959564209
489,20250619,2,47.57500076293945
490,20250619,3,75.91000366210938
491,20250619,4,19.75
492,20250619,5,656.2000122070312
493,20250619,6,57.04999923706055
494,20250619,7,1721.0
495,20250619,8,90937.1484375
496,20250619,9,2190.510009765625
497,20250619,10,127.75804138183594
498,20250619,11,98.53600311279297
499,20250619,12,191.0399932861328
500,20250619,13,550.8400268554688
501,20250620,1,9.142999649047852
502,20250620,2,47.80500030517578
503,20250620,3,76.29000091552734
504,20250620,4,19.82200050354004
505,20250620,5,650.2999877929688
506,20250620,6,56.775001525878906
507,20250620,7,1757.5
508,20250620,8,89639.2421875
509,20250620,9,2088.759521484375
510,20250620,10,121.62088775634766
511,20250620,11,98.8479995727539
512,20250620,12,193.60000610351562
513,20250620,13,553.4199829101562
514,20250621,8,88730.4921875
515,20250621,9,1996.17919921875
516,20250621,10,117.28150177001953
517,20250622,8,87815.1875
518,20250622,9,1937.5828857421875
519,20250622,10,114.44879913330078
520,20250623,1,9.125
521,20250623,2,47.51499938964844
522,20250623,3,76.26000213623047
523,20250623,4,19.829999923706055
524,20250623,5,668.5
525,20250623,6,56.994998931884766
526,20250623,7,1740.0
527,20250623,8,91030.7421875
528,20250623,9,2088.1337890625
529,20250623,10,124.88902282714844
530,20250623,11,98.6240005493164
531,20250623,12,192.89999389648438
532,20250623,13,552.760009765625
533,20250624,1,9.22700023651123
534,20250624,2,46.415000915527344
535,20250624,3,77.25
536,20250624,4,20.170000076293945
537,20250624,5,691.2000122070312
538,20250624,6,55.38999938964844
539,20250624,7,1686.0
540,20250624,8,91320.984375
541,20250624,9,2108.097900390625
542,20250624,10,125.6884536743164
543,20250624,11,99.55599975585938
544,20250624,12,196.02000427246094
545,20250624,13,558.02001953125
546,20250625,1,9.22599983215332
547,20250625,2,47.18000030517578
548,20250625,3,77.54000091552734
549,20250625,4,20.2549991607666
550,20250625,5,695.0
551,20250625,6,55.55500030517578
552,20250625,7,1738.0
553,20250625,8,91888.890625
554,20250625,9,2070.6513671875
555,20250625,10,122.82389068603516
556,20250625,11,99.43800354003906
557,20250625,12,194.77999877929688
558,20250625,13,558.6799926757812
559,20250626,1,9.237000465393066
560,20250626,2,48.2599983215332
561,20250626,3,77.5
562,20250626,4,20.454999923706055
563,20250626,5,677.9000244140625
564,20250626,6,55.130001068115234
565,20250626,7,1864.5
566,20250626,8,91468.6640625
567,20250626,9,2066.208984375
568,20250626,10,118.91939544677734
569,20250626,11,99.54000091552734
570,20250626,12,196.02000427246094
571,20250626,13,558.3599853515625
572,20250627,1,9.295999526977539
573,20250627,2,47.84000015258789
574,20250627,3,78.12999725341797
575,20250627,4,20.59000015258789
576,20250627,5,682.9000244140625
577,20250627,6,54.27000045776367
578,20250627,7,1751.0
579,20250627,8,91367.8515625
580,20250627,9,2068.043212890625
581,20250627,10,121.31776428222656
582,20250627,11,100.375
583,20250627,12,199.24000549316406
584,20250627,13,562.47998046875
585,20250628,8,91572.0
586,20250628,9,2079.341796875
587,20250628,10,128.6860809326172
588,20250629,8,92424.7109375
589,20250629,9,2132.668701171875
590,20250629,10,130.7703094482422
591,20250630,1,9.277999877929688
592,20250630,2,48.1349983215332
593,20250630,3,78.0
594,20250630,4,20.584999084472656
595,20250630,5,680.0999755859375
596,20250630,6,54.40999984741211
597,20250630,7,1797.0
598,20250630,8,90897.3671875
599,20250630,9,2109.603271484375
600,20250630,10,131.28285217285156
601,20250630,11,100.15499877929688
602,20250630,12,198.27999877929688
603,20250630,13,561.6400146484375
604,20250701,1,9.27400016784668
605,20250701,2,46.81999969482422
606,20250701,3,77.37999725341797
607,20250701,4,20.165000915527344
608,20250701,5,668.2000122070312
609,20250701,6,55.095001220703125
610,20250701,7,1702.5
611,20250701,8,89534.8984375
612,20250701,9,2037.8990478515625
613,20250701,10,124.45861053466797
614,20250701,11,99.96600341796875
615,20250701,12,196.22000122070312
616,20250701,13,561.0
617,20250702,1,9.295000076293945
618,20250702,2,46.724998474121094
619,20250702,3,77.83999633789062
620,20250702,4,20.31999969482422
621,20250702,5,677.7000122070312
622,20250702,6,55.10499954223633
623,20250702,7,1729.5
624,20250702,8,92266.2265625
625,20250702,9,2179.39453125
626,20250702,10,129.02403259277344
627,20250702,11,100.23999786376953
628,20250702,12,197.16000366210938
629,20250702,13,562.5
630,20250703,1,9.399999618530273
631,20250703,2,47.400001525878906
632,20250703,3,78.83999633789062
633,20250703,4,20.739999771118164
634,20250703,5,676.9000244140625
635,20250703,6,54.959999084472656
636,20250703,7,1698.5
637,20250703,8,93161.96875
638,20250703,9,2201.43896484375
639,20250703,10,129.48756408691406
640,20250703,11,101.2300033569336
641,20250703,12,198.36000061035156
642,20250703,13,569.1799926757812
643,20250704,1,9.322999954223633
644,20250704,2,46.935001373291016
645,20250704,3,78.23999786376953
646,20250704,4,20.489999771118164
647,20250704,5,659.5
648,20250704,6,54.94499969482422
649,20250704,7,1755.0
650,20250704,8,91720.2890625
651,20250704,9,2129.7119140625
652,20250704,10,125.45014953613281
653,20250704,11,100.55999755859375
654,20250704,12,197.1999969482422
655,20250704,13,565.0599975585938
656,20250705,8,91887.40625
657,20250705,9,2137.150634765625
658,20250705,10,125.3464126586914
659,20250706,8,92723.5
660,20250706,9,2182.6376953125
661,20250706,10,128.919921875
662,20250707,1,9.350000381469727
663,20250707,2,47.72999954223633
664,20250707,3,78.5
665,20250707,4,20.475000381469727
666,20250707,5,671.5999755859375
667,20250707,6,54.97999954223633
668,20250707,7,1803.0
669,20250707,8,92275.5859375
670,20250707,9,2166.743896484375
671,20250707,10,126.84489440917969
672,20250707,11,100.88500213623047
673,20250707,12,199.4199981689453
674,20250707,13,567.1799926757812
675,20250708,1,9.357000350952148
676,20250708,2,47.595001220703125
677,20250708,3,78.56999969482422
678,20250708,4,20.520000457763672
679,20250708,5,678.7000122070312
680,20250708,6,54.67499923706055
681,20250708,7,1830.0
682,20250708,8,92931.3203125
683,20250708,9,2230.947998046875
684,20250708,10,129.48971557617188
685,20250708,11,100.91500091552734
686,20250708,12,200.6999969482422
687,20250708,13,567.0800170898438
688,20250709,1,9.37399959564209
689,20250709,2,47.994998931884766
690,20250709,3,78.94000244140625
691,20250709,4,20.594999313354492
692,20250709,5,679.7999877929688
693,20250709,6,54.8849983215332
694,20250709,7,1860.5
695,20250709,8,94822.609375
696,20250709,9,2360.015380859375
697,20250709,10,133.96484375
698,20250709,11,101.25
699,20250709,12,203.5
700,20250709,13,568.7999877929688
701,20250710,1,9.437000274658203
702,20250710,2,48.095001220703125
703,20250710,3,79.25
704,20250710,4,20.649999618530273
705,20250710,5,690.2000122070312
706,20250710,6,55.22999954223633
707,20250710,7,1845.5
708,20250710,8,99117.328125
709,20250710,9,2525.07470703125
710,20250710,10,140.20050048828125
711,20250710,11,101.9800033569336
712,20250710,12,202.6999969482422
713,20250710,13,573.5399780273438
714,20250711,1,9.392000198364258
715,20250711,2,48.029998779296875
716,20250711,3,78.95999908447266
717,20250711,4,20.405000686645508
718,20250711,5,683.7999877929688
719,20250711,6,55.84000015258789
720,20250711,7,1840.0
721,20250711,8,100535.7890625
722,20250711,9,2530.4716796875
723,20250711,10,139.34674072265625
724,20250711,11,101.33499908447266
725,20250711,12,201.0500030517578
726,20250711,13,570.6599731445312
727,20250712,8,100465.8359375
728,20250712,9,2517.660888671875
729,20250712,10,137.46588134765625
730,20250713,8,101941.6015625
731,20250713,9,2544.651123046875
732,20250713,10,137.95257568359375
733,20250714,1,9.39900016784668
734,20250714,2,48.73500061035156
735,20250714,3,79.12000274658203
736,20250714,4,20.3700008392334
737,20250714,5,686.9000244140625
738,20250714,6,55.63999938964844
739,20250714,7,1880.0
740,20250714,8,102739.2421875
741,20250714,9,2583.146728515625
742,20250714,10,139.10784912109375
743,20250714,11,101.4749984741211
744,20250714,12,200.1999969482422
745,20250714,13,571.260009765625
746,20250715,1,9.46399974822998
747,20250715,2,48.63999938964844
748,20250715,3,80.27999877929688
749,20250715,4,20.690000534057617
750,20250715,5,705.5999755859375
751,20250715,6,55.71500015258789
752,20250715,7,1828.0
753,20250715,8,101463.3984375
754,20250715,9,2704.970947265625
755,20250715,10,141.2410125732422
756,20250715,11,102.02999877929688
757,20250715,12,199.3800048828125
758,20250715,13,576.1400146484375
759,20250716,1,9.329999923706055
760,20250716,2,47.96500015258789
761,20250716,3,78.6500015258789
762,20250716,4,20.209999084472656
763,20250716,5,626.2999877929688
764,20250716,6,55.959999084472656
765,20250716,7,1817.0
766,20250716,8,102048.3828125
767,20250716,9,2897.60107421875
768,20250716,10,149.2916717529297
769,20250716,11,100.48500061035156
770,20250716,12,198.89999389648438
771,20250716,13,566.1599731445312
772,20250717,1,9.515000343322754
773,20250717,2,49.4900016784668
774,20250717,3,80.6500015258789
775,20250717,4,20.9950008392334
776,20250717,5,650.5
777,20250717,6,55.88999938964844
778,20250717,7,1841.0
779,20250717,8,102701.28125
780,20250717,9,2993.29931640625
781,20250717,10,151.34707641601562
782,20250717,11,102.55500030517578
783,20250717,12,202.0
784,20250717,13,578.719970703125
785,20250718,1,9.491999626159668
786,20250718,2,49.92499923706055
787,20250718,3,80.26000213623047
788,20250718,4,20.96500015258789
789,20250718,5,633.2999877929688
790,20250718,6,55.88999938964844
791,20250718,7,1835.5
792,20250718,8,101476.875
793,20250718,9,3051.9765625
794,20250718,10,152.5396270751953
795,20250718,11,102.20999908447266
796,20250718,12,201.3000030517578
797,20250718,13,576.47998046875
798,20250719,8,101422.484375
799,20250719,9,3091.755615234375
800,20250719,10,152.27145385742188
801,20250720,8,100863.546875
802,20250720,9,3232.660400390625
803,20250720,10,156.10617065429688
804,20250721,1,9.479000091552734
805,20250721,2,49.85499954223633
806,20250721,3,80.47000122070312
807,20250721,4,21.114999771118164
808,20250721,5,624.0
809,20250721,6,56.3650016784668
810,20250721,7,1815.0
811,20250721,8,100418.5546875
812,20250721,9,3217.930908203125
813,20250721,10,167.58802795410156
814,20250721,11,102.30999755859375
815,20250721,12,201.3000030517578
816,20250721,13,577.1400146484375
817,20250722,1,9.413000106811523
818,20250722,2,48.900001525878906
819,20250722,3,79.66999816894531
820,20250722,4,20.809999465942383
821,20250722,5,602.4000244140625
822,20250722,6,56.67499923706055
823,20250722,7,1754.0
824,20250722,8,102228.65625
825,20250722,9,3194.03955078125
826,20250722,10,175.24411010742188
827,20250722,11,101.62000274658203
828,20250722,12,199.25999450683594
829,20250722,13,572.3400268554688
830,20250723,1,9.50100040435791
831,20250723,2,49.380001068115234
832,20250723,3,79.70999908447266
833,20250723,4,20.90999984741211
834,20250723,5,607.0
835,20250723,6,56.52000045776367
836,20250723,7,1777.0
837,20250723,8,100867.609375
838,20250723,9,3082.983154296875
839,20250723,10,160.99322509765625
840,20250723,11,102.51000213623047
841,20250723,12,200.8000030517578
842,20250723,13,575.8400268554688
843,20250724,1,9.515999794006348
844,20250724,2,49.45000076293945
845,20250724,3,79.98999786376953
846,20250724,4,20.899999618530273
847,20250724,5,615.5999755859375
848,20250724,6,55.66999816894531
849,20250724,7,1745.5
850,20250724,8,100697.7890625
851,20250724,9,3154.46728515625
852,20250724,10,155.3462677001953
853,20250724,11,102.7300033569336
854,20250724,12,201.3000030517578
855,20250724,13,577.6599731445312
856,20250725,1,9.541000366210938
857,20250725,2,49.69499969482422
858,20250725,3,80.41000366210938
859,20250725,4,21.094999313354492
860,20250725,5,605.0999755859375
861,20250725,6,55.150001525878906
862,20250725,7,1734.0
863,20250725,8,100145.421875
864,20250725,9,3173.085693359375
865,20250725,10,159.00869750976562
866,20250725,11,102.94499969482422
867,20250725,12,200.64999389648438
868,20250725,13,580.0800170898438
869,20250726,8,100410.6015625
870,20250726,9,3185.114013671875
871,20250726,10,157.4203338623047
872,20250727,8,101609.9296875
873,20250727,9,3296.51318359375
874,20250727,10,160.54783630371094
875,20250728,1,9.612000465393066
876,20250728,2,49.23500061035156
877,20250728,3,81.45999908447266
878,20250728,4,21.454999923706055
879,20250728,5,628.2000122070312
880,20250728,6,55.42499923706055
881,20250728,7,1677.0
882,20250728,8,101689.21875
883,20250728,9,3265.991943359375
884,20250728,10,157.41015625
885,20250728,11,103.82499694824219
886,20250728,12,198.5800018310547
887,20250728,13,586.9000244140625
888,20250729,1,9.649999618530273
889,20250729,2,50.2599983215332
890,20250729,3,82.05000305175781
891,20250729,4,21.415000915527344
892,20250729,5,622.5
893,20250729,6,55.974998474121094
894,20250729,7,1735.0
895,20250729,8,102088.03125
896,20250729,9,3284.0849609375
897,20250729,10,156.986328125
898,20250729,11,104.25499725341797
899,20250729,12,200.64999389648438
900,20250729,13,589.4400024414062
901,20250730,1,9.701000213623047
902,20250730,2,50.279998779296875
903,20250730,3,82.52999877929688
904,20250730,4,21.739999771118164
905,20250730,5,626.7999877929688
906,20250730,6,55.70500183105469
907,20250730,7,1732.5
908,20250730,8,103105.9453125
909,20250730,9,3332.29443359375
910,20250730,10,155.48777770996094
911,20250730,11,104.74500274658203
912,20250730,12,201.14999389648438
913,20250730,13,592.760009765625
914,20250731,1,9.722000122070312
915,20250731,2,50.4900016784668
916,20250731,3,83.02999877929688
917,20250731,4,21.84000015258789
918,20250731,5,613.0
919,20250731,6,55.97999954223633
920,20250731,7,1735.5
921,20250731,8,101349.0859375
922,20250731,9,3236.556396484375
923,20250731,10,150.96165466308594
924,20250731,11,104.98999786376953
925,20250731,12,199.4199981689453
926,20250731,13,595.8200073242188
927,20250801,1,9.440999984741211
928,20250801,2,49.17499923706055
929,20250801,3,80.0
930,20250801,4,20.770000457763672
931,20250801,5,595.2000122070312
932,20250801,6,56.29999923706055
933,20250801,7,1707.5
934,20250801,8,97744.2421875
935,20250801,9,3008.89013671875
936,20250801,10,140.4896240234375
937,20250801,11,101.82499694824219
938,20250801,12,194.1199951171875
939,20250801,13,576.0399780273438
940,20250802,8,97071.6328125
941,20250802,9,2926.7568359375
942,20250802,10,136.7157745361328
943,20250803,8,98567.796875
944,20250803,9,3018.17529296875
945,20250803,10,139.76422119140625
946,20250804,1,9.534000396728516
947,20250804,2,50.0
948,20250804,3,80.95999908447266
949,20250804,4,21.100000381469727
950,20250804,5,602.5
951,20250804,6,56.665000915527344
952,20250804,7,1765.0
953,20250804,8,99324.0703125
954,20250804,9,3210.035400390625
955,20250804,10,146.23944091796875
956,20250804,11,103.0199966430664
957,20250804,12,196.8800048828125
958,20250804,13,582.2000122070312
959,20250805,1,9.517000198364258
960,20250805,2,50.790000915527344
961,20250805,3,80.62000274658203
962,20250805,4,21.059999465942383
963,20250805,5,597.2999877929688
964,20250805,6,56.7599983215332
965,20250805,7,1769.0
966,20250805,8,98579.7421875
967,20250805,9,3119.4638671875
968,20250805,10,141.72401428222656
969,20250805,11,102.73999786376953
970,20250805,12,197.52000427246094
971,20250805,13,579.780029296875
972,20250806,1,9.539999961853027
973,20250806,2,51.0099983215332
974,20250806,3,80.91999816894531
975,20250806,4,21.1299991607666
976,20250806,5,592.7999877929688
977,20250806,6,56.314998626708984
978,20250806,7,1783.5
979,20250806,8,98625.6953125
980,20250806,9,3158.61572265625
981,20250806,10,144.19488525390625
982,20250806,11,103.04000091552734
983,20250806,12,198.24000549316406
984,20250806,13,581.3800048828125
985,20250807,1,9.562999725341797
986,20250807,2,50.189998626708984
987,20250807,3,81.58000183105469
988,20250807,4,21.31999969482422
989,20250807,5,610.5999755859375
990,20250807,6,56.564998626708984
991,20250807,7,1641.0
992,20250807,8,100626.8125
993,20250807,9,3352.31103515625
994,20250807,10,150.28941345214844
995,20250807,11,103.2300033569336
996,20250807,12,200.5
997,20250807,13,581.239990234375
998,20250808,1,9.600000381469727
999,20250808,2,49.78499984741211
1000,20250808,3,81.79000091552734
1001,20250808,4,21.155000686645508
1002,20250808,5,616.9000244140625
1003,20250808,6,56.51499938964844
1004,20250808,7,1620.5
1005,20250808,8,100188.9375
1006,20250808,9,3442.8564453125
1007,20250808,10,151.76895141601562
1008,20250808,11,103.55000305175781
1009,20250808,12,200.25
1010,20250808,13,583.1799926757812
1011,20250809,8,100004.609375
1012,20250809,9,3659.89892578125
1013,20250809,10,154.66961669921875
1014,20250810,8,102429.75
1015,20250810,9,3652.420166015625
1016,20250810,10,157.0297393798828
1017,20250811,1,9.652000427246094
1018,20250811,2,49.65999984741211
1019,20250811,3,82.58000183105469
1020,20250811,4,21.3799991607666
1021,20250811,5,626.7999877929688
1022,20250811,6,56.08000183105469
1023,20250811,7,1545.5
1024,20250811,8,102209.84375
1025,20250811,9,3638.7802734375
1026,20250811,10,150.62948608398438
1027,20250811,11,104.18499755859375
1028,20250811,12,199.47999572753906
1029,20250811,13,587.5800170898438
1030,20250812,1,9.657999992370605
1031,20250812,2,49.64500045776367
1032,20250812,3,82.37000274658203
1033,20250812,4,21.399999618530273
1034,20250812,5,633.0
1035,20250812,6,55.73500061035156
1036,20250812,7,1563.0
1037,20250812,8,102908.8671875
1038,20250812,9,3931.392822265625
1039,20250812,10,164.294677734375
1040,20250812,11,104.15499877929688
1041,20250812,12,199.1199951171875
1042,20250812,13,587.0
1043,20250813,1,9.668999671936035
1044,20250813,2,49.86000061035156
1045,20250813,3,82.44999694824219
1046,20250813,4,21.559999465942383
1047,20250813,5,640.0999755859375
1048,20250813,6,55.625
1049,20250813,7,1597.0
1050,20250813,8,105310.7890625
1051,20250813,9,4060.89404296875
1052,20250813,10,172.11729431152344
1053,20250813,11,104.30999755859375
1054,20250813,12,200.3000030517578
1055,20250813,13,587.6799926757812
1056,20250814,1,9.715999603271484
1057,20250814,2,50.38999938964844
1058,20250814,3,82.86000061035156
1059,20250814,4,21.524999618530273
1060,20250814,5,642.9000244140625
1061,20250814,6,55.724998474121094
1062,20250814,7,1641.0
1063,20250814,8,101591.2265625
1064,20250814,9,3903.814208984375
1065,20250814,10,165.30172729492188
1066,20250814,11,104.86000061035156
1067,20250814,12,202.0500030517578
1068,20250814,13,591.239990234375
1069,20250815,1,9.680999755859375
1070,20250815,2,49.720001220703125
1071,20250815,3,82.12000274658203
1072,20250815,4,21.514999389648438
1073,20250815,5,636.5
1074,20250815,6,55.435001373291016
1075,20250815,7,1621.0
1076,20250815,8,100299.046875
1077,20250815,9,3793.29541015625
1078,20250815,10,158.6876678466797
1079,20250815,11,104.55000305175781
1080,20250815,12,201.75
1081,20250815,13,588.280029296875
1082,20250816,8,100378.5
1083,20250816,9,3781.498291015625
1084,20250816,10,162.12705993652344
1085,20250817,8,100331.4609375
1086,20250817,9,3821.184814453125
1087,20250817,10,163.29795837402344
1088,20250818,1,9.708999633789062
1089,20250818,2,50.33000183105469
1090,20250818,3,82.16000366210938
1091,20250818,4,21.6299991607666
1092,20250818,5,638.5
1093,20250818,6,55.4900016784668
1094,20250818,7,1648.0
1095,20250818,8,99632.8828125
1096,20250818,9,3695.9892578125
1097,20250818,10,156.898193359375
1098,20250818,11,104.7300033569336
1099,20250818,12,201.4499969482422
1100,20250818,13,589.0599975585938
1101,20250819,1,9.694000244140625
1102,20250819,2,48.31999969482422
1103,20250819,3,81.66999816894531
1104,20250819,4,21.459999084472656
1105,20250819,5,642.0999755859375
1106,20250819,6,55.369998931884766
1107,20250819,7,1568.0
1108,20250819,8,96921.8671875
1109,20250819,9,3499.1015625
1110,20250819,10,151.2802734375
1111,20250819,11,104.7300033569336
1112,20250819,12,202.3000030517578
1113,20250819,13,588.260009765625
1114,20250820,1,9.644000053405762
1115,20250820,2,47.80500030517578
1116,20250820,3,80.58000183105469
1117,20250820,4,21.014999389648438
1118,20250820,5,637.4000244140625
1119,20250820,6,55.654998779296875
1120,20250820,7,1557.5
1121,20250820,8,98083.15625
1122,20250820,9,3720.344970703125
1123,20250820,10,161.0072021484375
1124,20250820,11,104.125
1125,20250820,12,201.14999389648438
1126,20250820,13,584.260009765625
1127,20250821,1,9.685999870300293
1128,20250821,2,48.834999084472656
1129,20250821,3,81.0199966430664
1130,20250821,4,21.290000915527344
1131,20250821,5,635.0
1132,20250821,6,55.89500045776367
1133,20250821,7,1608.5
1134,20250821,8,96810.3203125
1135,20250821,9,3636.842529296875
1136,20250821,10,155.24974060058594
1137,20250821,11,104.56999969482422
1138,20250821,12,201.3000030517578
1139,20250821,13,587.0599975585938
1140,20250822,1,9.746999740600586
1141,20250822,2,49.56999969482422
1142,20250822,3,81.56999969482422
1143,20250822,4,21.725000381469727
1144,20250822,5,646.7999877929688
1145,20250822,6,55.95000076293945
1146,20250822,7,1622.5
1147,20250822,8,99683.6640625
1148,20250822,9,4120.72998046875
1149,20250822,10,171.13522338867188
1150,20250822,11,105.12999725341797
1151,20250822,12,201.89999389648438
1152,20250822,13,590.2999877929688
1153,20250823,8,98425.4921875
1154,20250823,9,4074.46826171875
1155,20250823,10,173.9778289794922
1156,20250824,8,96903.6015625
1157,20250824,9,4082.244140625
1158,20250824,10,175.8162384033203
1159,20250825,1,9.751999855041504
1160,20250825,2,49.540000915527344
1161,20250825,3,81.66000366210938
1162,20250825,4,21.709999084472656
1163,20250825,5,646.2999877929688
1164,20250825,6,56.095001220703125
1165,20250825,7,1650.0
1166,20250825,8,94814.640625
1167,20250825,9,3765.046142578125
1168,20250825,10,161.24261474609375
1169,20250825,11,105.04000091552734
1170,20250825,12,200.9499969482422
1171,20250825,13,590.780029296875
1172,20250826,1,9.711000442504883
1173,20250826,2,49.935001373291016
1174,20250826,3,81.5999984741211
1175,20250826,4,21.7450008392334
1176,20250826,5,650.5999755859375
1177,20250826,6,56.380001068115234
1178,20250826,7,1635.5
1179,20250826,8,96073.6953125
1180,20250826,9,3953.2158203125
1181,20250826,10,168.3441925048828
1182,20250826,11,104.80500030517578
1183,20250826,12,200.25
1184,20250826,13,589.9400024414062
1185,20250827,1,9.779000282287598
1186,20250827,2,50.20000076293945
1187,20250827,3,82.19999694824219
1188,20250827,4,21.989999771118164
1189,20250827,5,659.7999877929688
1190,20250827,6,56.66999816894531
1191,20250827,7,1635.5
1192,20250827,8,95489.2578125
1193,20250827,9,3866.369873046875
1194,20250827,10,174.21905517578125
1195,20250827,11,105.67500305175781
1196,20250827,12,199.27999877929688
1197,20250827,13,595.97998046875
1198,20250828,1,9.74899959564209
1199,20250828,2,49.91999816894531
1200,20250828,3,82.2300033569336
1201,20250828,4,22.399999618530273
1202,20250828,5,654.7000122070312
1203,20250828,6,56.720001220703125
1204,20250828,7,1637.5
1205,20250828,8,96367.7265625
1206,20250828,9,3859.320556640625
1207,20250828,10,183.58718872070312
1208,20250828,11,105.34500122070312
1209,20250828,12,199.1199951171875
1210,20250828,13,593.4199829101562
1211,20250829,1,9.687000274658203
1212,20250829,2,49.48500061035156
1213,20250829,3,81.12999725341797
1214,20250829,4,22.290000915527344
1215,20250829,5,636.9000244140625
1216,20250829,6,57.19499969482422
1217,20250829,7,1689.5
1218,20250829,8,92773.765625
1219,20250829,9,3731.248779296875
1220,20250829,10,175.6192626953125
1221,20250829,11,104.58499908447266
1222,20250829,12,198.1199951171875
1223,20250829,13,589.2000122070312
1224,20250830,8,93101.84375
1225,20250830,9,3742.753173828125
1226,20250830,10,173.5776824951172
1227,20250831,8,92587.1953125
1228,20250831,9,3755.283935546875
1229,20250831,10,171.8214874267578
1230,20250901,1,9.687000274658203
1231,20250901,2,49.95000076293945
1232,20250901,3,81.27999877929688
1233,20250901,4,22.354999542236328
1234,20250901,5,638.7999877929688
1235,20250901,6,57.71500015258789
1236,20250901,7,1748.5
1237,20250901,8,93255.9765625
1238,20250901,9,3682.819091796875
1239,20250901,10,168.2510986328125
1240,20250901,11,104.8499984741211
1241,20250901,12,199.17999267578125
1242,20250901,13,590.6400146484375
1243,20250902,1,9.602999687194824
1244,20250902,2,49.814998626708984
1245,20250902,3,80.0999984741211
1246,20250902,4,21.780000686645508
1247,20250902,5,616.9000244140625
1248,20250902,6,58.53499984741211
1249,20250902,7,1749.0
1250,20250902,8,95591.6953125
1251,20250902,9,3718.227294921875
1252,20250902,10,180.07723999023438
1253,20250902,11,103.63500213623047
1254,20250902,12,194.5399932861328
1255,20250902,13,583.6599731445312
1256,20250903,1,9.670000076293945
1257,20250903,2,50.0099983215332
1258,20250903,3,81.20999908447266
1259,20250903,4,22.010000228881836
1260,20250903,5,626.2000122070312
1261,20250903,6,59.29499816894531
1262,20250903,7,1754.0
1263,20250903,8,95807.90625
1264,20250903,9,3816.417724609375
1265,20250903,10,180.724853515625
1266,20250903,11,104.38999938964844
1267,20250903,12,195.3800048828125
1268,20250903,13,588.7000122070312
1269,20250904,1,9.743000030517578
1270,20250904,2,49.2599983215332
1271,20250904,3,81.81999969482422
1272,20250904,4,22.145000457763672
1273,20250904,5,647.0999755859375
1274,20250904,6,59.150001525878906
1275,20250904,7,1725.0
1276,20250904,8,94986.453125
1277,20250904,9,3687.763671875
1278,20250904,10,173.7703094482422
1279,20250904,11,105.25
1280,20250904,12,196.89999389648438
1281,20250904,13,593.8400268554688
1282,20250905,1,9.680000305175781
1283,20250905,2,48.83000183105469
1284,20250905,3,81.48999786376953
1285,20250905,4,22.280000686645508
1286,20250905,5,659.9000244140625
1287,20250905,6,59.345001220703125
1288,20250905,7,1744.5
1289,20250905,8,94398.2421875
1290,20250905,9,3674.365478515625
1291,20250905,10,173.60804748535156
1292,20250905,11,104.55000305175781
1293,20250905,12,195.55999755859375
1294,20250905,13,588.719970703125
1295,20250906,8,94076.4453125
1296,20250906,9,3648.052734375
1297,20250906,10,170.9096221923828
1298,20250907,8,94914.9140625
1299,20250907,9,3675.90576171875
1300,20250907,10,176.28253173828125
1301,20250908,1,9.746000289916992
1302,20250908,2,49.560001373291016
1303,20250908,3,82.30999755859375
1304,20250908,4,22.69499969482422
1305,20250908,5,676.5999755859375
1306,20250908,6,60.119998931884766
1307,20250908,7,1791.0
1308,20250908,8,95230.4609375
1309,20250908,9,3660.6982421875
1310,20250908,10,182.0006103515625
1311,20250908,11,105.19499969482422
1312,20250908,12,197.22000122070312
1313,20250908,13,591.739990234375
1314,20250909,1,9.756999969482422
1315,20250909,2,49.25
1316,20250909,3,82.12999725341797
1317,20250909,4,23.024999618530273
1318,20250909,5,683.0
1319,20250909,6,60.26499938964844
1320,20250909,7,1779.0
1321,20250909,8,95307.3125
1322,20250909,9,3682.248291015625
1323,20250909,10,185.6494140625
1324,20250909,11,105.2300033569336
1325,20250909,12,196.44000244140625
1326,20250909,13,592.1199951171875
1327,20250910,1,9.812999725341797
1328,20250910,2,50.33000183105469
1329,20250910,3,82.70999908447266
1330,20250910,4,23.274999618530273
1331,20250910,5,680.2999877929688
1332,20250910,6,60.404998779296875
1333,20250910,7,1837.5
1334,20250910,8,97376.90625
1335,20250910,9,3716.423583984375
1336,20250910,10,191.40084838867188
1337,20250910,11,105.80000305175781
1338,20250910,12,195.8000030517578
1339,20250910,13,595.5999755859375
1340,20250911,1,9.878999710083008
1341,20250911,2,51.650001525878906
1342,20250911,3,82.97000122070312
1343,20250911,4,23.44499969482422
1344,20250911,5,686.5
1345,20250911,6,60.1349983215332
1346,20250911,7,1880.5
1347,20250911,8,98450.078125
1348,20250911,9,3802.425048828125
1349,20250911,10,194.97483825683594
1350,20250911,11,106.43499755859375
1351,20250911,12,196.39999389648438
1352,20250911,13,599.4600219726562
1353,20250912,1,9.883000373840332
1354,20250912,2,51.83000183105469
1355,20250912,3,83.3499984741211
1356,20250912,4,23.385000228881836
1357,20250912,5,689.9000244140625
1358,20250912,6,60.41999816894531
1359,20250912,7,1896.5
1360,20250912,8,98930.15625
1361,20250912,9,4017.861328125
1362,20250912,10,206.4666290283203
1363,20250912,11,106.49500274658203
1364,20250912,12,196.3000030517578
1365,20250912,13,600.5399780273438
1366,20250913,8,98815.8046875
1367,20250913,9,3978.3349609375
1368,20250913,10,206.74606323242188
1369,20250914,8,98423.8046875
1370,20250914,9,3931.230712890625
1371,20250914,10,205.15626525878906
1372,20250915,1,9.895999908447266
1373,20250915,2,52.119998931884766
1374,20250915,3,83.56999969482422
1375,20250915,4,23.56999969482422
1376,20250915,5,729.5999755859375
1377,20250915,6,60.505001068115234
1378,20250915,7,1950.0
1379,20250915,8,98143.1484375
1380,20250915,9,3848.3857421875
1381,20250915,10,199.23439025878906
1382,20250915,11,106.63500213623047
1383,20250915,12,196.77999877929688
1384,20250915,13,600.7000122070312
1385,20250916,1,9.821999549865723
1386,20250916,2,51.81999969482422
1387,20250916,3,83.13999938964844
1388,20250916,4,23.375
1389,20250916,5,733.5999755859375
1390,20250916,6,60.369998931884766
1391,20250916,7,1901.0
1392,20250916,8,98425.546875
1393,20250916,9,3793.68115234375
1394,20250916,10,199.6336212158203
1395,20250916,11,105.73999786376953
1396,20250916,12,193.3000030517578
1397,20250916,13,596.0999755859375
1398,20250917,1,9.826000213623047
1399,20250917,2,51.54999923706055
1400,20250917,3,82.7699966430664
1401,20250917,4,23.524999618530273
1402,20250917,5,736.7999877929688
1403,20250917,6,60.41999816894531
1404,20250917,7,1888.5
1405,20250917,8,98488.796875
1406,20250917,9,3883.73486328125
1407,20250917,10,207.05783081054688
1408,20250917,11,105.66999816894531
1409,20250917,12,193.5800018310547
1410,20250917,13,595.219970703125
1411,20250918,1,9.928000450134277
1412,20250918,2,52.209999084472656
1413,20250918,3,84.48999786376953
1414,20250918,4,24.219999313354492
1415,20250918,5,794.4000244140625
1416,20250918,6,59.97999954223633
1417,20250918,7,1919.5
1418,20250918,8,99360.34375
1419,20250918,9,3893.348388671875
1420,20250918,10,210.05548095703125
1421,20250918,11,106.86000061035156
1422,20250918,12,196.24000549316406
1423,20250918,13,602.9600219726562
1424,20250919,1,9.951000213623047
1425,20250919,2,52.66999816894531
1426,20250919,3,84.58000183105469
1427,20250919,4,24.125
1428,20250919,5,793.2999877929688
1429,20250919,6,60.720001220703125
1430,20250919,7,1928.0
1431,20250919,8,98495.765625
1432,20250919,9,3806.4716796875
1433,20250919,10,203.10020446777344
1434,20250919,11,106.96499633789062
1435,20250919,12,195.82000732421875
1436,20250919,13,603.9600219726562
1437,20250920,8,98503.5703125
1438,20250920,9,3815.3447265625
1439,20250920,10,203.94326782226562
1440,20250921,8,98247.9453125
1441,20250921,9,3792.808349609375
1442,20250921,10,201.5769500732422
1443,20250922,1,9.95199966430664
1444,20250922,2,52.939998626708984
1445,20250922,3,84.97000122070312
1446,20250922,4,24.354999542236328
1447,20250922,5,811.0
1448,20250922,6,61.56999969482422
1449,20250922,7,1940.0
1450,20250922,8,95545.453125
1451,20250922,9,3561.6064453125
1452,20250922,10,186.8533172607422
1453,20250922,11,107.18000030517578
1454,20250922,12,194.86000061035156
1455,20250922,13,605.780029296875
1456,20250923,1,9.979000091552734
1457,20250923,2,52.95000076293945
1458,20250923,3,85.05000305175781
1459,20250923,4,24.469999313354492
1460,20250923,5,820.9000244140625
1461,20250923,6,62.26499938964844
1462,20250923,7,1912.0
1463,20250923,8,94801.1171875
1464,20250923,9,3525.38671875
1465,20250923,10,180.87515258789062
1466,20250923,11,107.29499816894531
1467,20250923,12,195.75999450683594
1468,20250923,13,606.239990234375
1469,20250924,1,9.963000297546387
1470,20250924,2,54.08000183105469
1471,20250924,3,84.81999969482422
1472,20250924,4,24.325000762939453
1473,20250924,5,808.2999877929688
1474,20250924,6,61.97999954223633
1475,20250924,7,1978.5
1476,20250924,8,96514.0625
1477,20250924,9,3537.218994140625
1478,20250924,10,180.33798217773438
1479,20250924,11,107.1050033569336
1480,20250924,12,196.0800018310547
1481,20250924,13,605.2999877929688
1482,20250925,1,9.949000358581543
1483,20250925,2,53.75
1484,20250925,3,84.86000061035156
1485,20250925,4,24.09000015258789
1486,20250925,5,811.5
1487,20250925,6,62.125
1488,20250925,7,1978.5
1489,20250925,8,93510.203125
1490,20250925,9,3317.11181640625
1491,20250925,10,164.96726989746094
1492,20250925,11,106.95500183105469
1493,20250925,12,194.97999572753906
1494,20250925,13,605.1599731445312
1495,20250926,1,9.946000099182129
1496,20250926,2,54.040000915527344
1497,20250926,3,84.62000274658203
1498,20250926,4,23.864999771118164
1499,20250926,5,812.5999755859375
1500,20250926,6,62.724998474121094
1501,20250926,7,1960.5
1502,20250926,8,93735.5703125
1503,20250926,9,3448.149658203125
1504,20250926,10,175.4474639892578
1505,20250926,11,107.06500244140625
1506,20250926,12,196.66000366210938
1507,20250926,13,605.0800170898438
1508,20250927,8,93729.25
1509,20250927,9,3434.16455078125
1510,20250927,10,173.97315979003906
1511,20250928,8,95791.078125
1512,20250928,9,3538.2373046875
1513,20250928,10,180.0421142578125
1514,20250929,1,9.970999717712402
1515,20250929,2,54.86000061035156
1516,20250929,3,85.18000030517578
1517,20250929,4,24.15999984741211
1518,20250929,5,826.0
1519,20250929,6,63.369998931884766
1520,20250929,7,1988.5
1521,20250929,8,97522.2109375
1522,20250929,9,3595.1318359375
1523,20250929,10,181.62034606933594
1524,20250929,11,107.34500122070312
1525,20250929,12,196.67999267578125
1526,20250929,13,606.5599975585938
1527,20250930,1,9.973999977111816
1528,20250930,2,55.34000015258789
1529,20250930,3,84.94000244140625
1530,20250930,4,23.989999771118164
1531,20250930,5,827.7000122070312
1532,20250930,6,63.505001068115234
1533,20250930,7,1984.5
1534,20250930,8,97197.2265625
1535,20250930,9,3533.135498046875
1536,20250930,10,177.8883819580078
1537,20250930,11,107.19499969482422
1538,20250930,12,197.55999755859375
1539,20250930,13,605.760009765625
1540,20251001,1,10.071999549865723
1541,20251001,2,55.7400016784668
1542,20251001,3,85.47000122070312
1543,20251001,4,24.344999313354492
1544,20251001,5,840.0999755859375
1545,20251001,6,63.97999954223633
1546,20251001,7,1951.0
1547,20251001,8,101124.6015625
1548,20251001,9,3708.45751953125
1549,20251001,10,188.9345703125
1550,20251001,11,108.03500366210938
1551,20251001,12,199.83999633789062
1552,20251001,13,609.9199829101562
1553,20251002,1,10.065999984741211
1554,20251002,2,56.43000030517578
1555,20251002,3,86.08999633789062
1556,20251002,4,24.899999618530273
1557,20251002,5,877.5999755859375
1558,20251002,6,63.599998474121094
1559,20251002,7,1986.0
1560,20251002,8,102929.6484375
1561,20251002,9,3827.77294921875
1562,20251002,10,200.3105926513672
1563,20251002,11,108.41999816894531
1564,20251002,12,202.3000030517578
1565,20251002,13,612.3599853515625
1566,20251003,1,10.119999885559082
1567,20251003,2,56.72999954223633
1568,20251003,3,86.1500015258789
1569,20251003,4,25.125
1570,20251003,5,879.7000122070312
1571,20251003,6,64.29000091552734
1572,20251003,7,1962.5
1573,20251003,8,104123.03125
1574,20251003,9,3844.895263671875
1575,20251003,10,198.42611694335938
1576,20251003,11,108.87000274658203
1577,20251003,12,201.89999389648438
1578,20251003,13,613.9199829101562
1579,20251004,8,104302.7890625
1580,20251004,9,3824.661376953125
1581,20251004,10,194.25189208984375
1582,20251005,8,105457.53125
1583,20251005,9,3855.331298828125
1584,20251005,10,195.1829071044922
1585,20251006,1,10.154000282287598
1586,20251006,2,56.779998779296875
1587,20251006,3,86.52999877929688
1588,20251006,4,25.5049991607666
1589,20251006,5,897.0999755859375
1590,20251006,6,65.53500366210938
1591,20251006,7,1889.0
1592,20251006,8,106538.1640625
1593,20251006,9,4003.338134765625
1594,20251006,10,198.56776428222656
1595,20251006,11,109.23999786376953
1596,20251006,12,201.9499969482422
1597,20251006,13,615.280029296875
1598,20251007,1,10.137999534606934
1599,20251007,2,56.58000183105469
1600,20251007,3,86.41000366210938
1601,20251007,4,24.969999313354492
1602,20251007,5,874.2999877929688
1603,20251007,6,66.27999877929688
1604,20251007,7,1884.5
1605,20251007,8,104223.8671875
1606,20251007,9,3819.76904296875
1607,20251007,10,189.20790100097656
1608,20251007,11,109.0199966430664
1609,20251007,12,202.0500030517578
1610,20251007,13,614.9400024414062
1611,20251008,1,10.229999542236328
1612,20251008,2,57.310001373291016
1613,20251008,3,87.43000030517578
1614,20251008,4,25.56999969482422
1615,20251008,5,853.0
1616,20251008,6,67.63999938964844
1617,20251008,7,1933.5
1618,20251008,8,106073.8359375
1619,20251008,9,3893.36083984375
1620,20251008,10,197.00596618652344
1621,20251008,11,110.01000213623047
1622,20251008,12,203.85000610351562
1623,20251008,13,621.1599731445312
1624,20251009,1,10.255999565124512
1625,20251009,2,57.08000183105469
1626,20251009,3,87.83999633789062
1627,20251009,4,25.729999542236328
1628,20251009,5,850.2000122070312
1629,20251009,6,67.38999938964844
1630,20251009,7,1904.0
1631,20251009,8,105232.609375
1632,20251009,9,3777.77587890625
1633,20251009,10,191.0797119140625
1634,20251009,11,110.0999984741211
1635,20251009,12,203.9499969482422
1636,20251009,13,622.4600219726562
1637,20251010,1,10.041999816894531
1638,20251010,2,54.650001525878906
1639,20251010,3,85.73999786376953
1640,20251010,4,24.799999237060547
1641,20251010,5,816.0999755859375
1642,20251010,6,67.0999984741211
1643,20251010,7,1882.0
1644,20251010,8,97430.8125
1645,20251010,9,3307.243408203125
1646,20251010,10,162.36167907714844
1647,20251010,11,107.91999816894531
1648,20251010,12,200.8000030517578
1649,20251010,13,609.5599975585938
1650,20251011,8,95351.3984375
1651,20251011,9,3227.4423828125
1652,20251011,10,153.2175750732422
1653,20251012,8,99273.2265625
1654,20251012,9,3589.62451171875
1655,20251012,10,170.2470245361328
1656,20251013,1,10.118000030517578
1657,20251013,2,54.5
1658,20251013,3,86.61000061035156
1659,20251013,4,25.225000381469727
1660,20251013,5,844.2000122070312
1661,20251013,6,68.74500274658203
1662,20251013,7,1879.5
1663,20251013,8,99666.25
1664,20251013,9,3670.73779296875
1665,20251013,10,180.15957641601562
1666,20251013,11,108.74500274658203
1667,20251013,12,202.0500030517578
1668,20251013,13,614.6199951171875
1669,20251014,1,10.064000129699707
1670,20251014,2,53.9900016784668
1671,20251014,3,86.0
1672,20251014,4,24.829999923706055
1673,20251014,5,846.2999877929688
1674,20251014,6,69.36499786376953
1675,20251014,7,1838.5
1676,20251014,8,97488.265625
1677,20251014,9,3555.375
1678,20251014,10,174.4849853515625
1679,20251014,11,108.30999755859375
1680,20251014,12,200.85000610351562
1681,20251014,13,611.4600219726562
1682,20251015,1,10.140000343322754
1683,20251015,2,53.27000045776367
1684,20251015,3,86.51000213623047
1685,20251015,4,24.959999084472656
1686,20251015,5,872.4000244140625
1687,20251015,6,69.87000274658203
1688,20251015,7,1745.0
1689,20251015,8,95126.515625
1690,20251015,9,3423.923828125
1691,20251015,10,166.60133361816406
1692,20251015,11,108.88999938964844
1693,20251015,12,200.25
1694,20251015,13,614.5
1695,20251016,1,10.118000030517578
1696,20251016,2,53.15999984741211
1697,20251016,3,86.5199966430664
1698,20251016,4,24.885000228881836
1699,20251016,5,877.2000122070312
1700,20251016,6,71.04499816894531
1701,20251016,7,1774.5
1702,20251016,8,92473.421875
1703,20251016,9,3329.092041015625
1704,20251016,10,157.8652801513672
1705,20251016,11,108.80000305175781
1706,20251016,12,201.10000610351562
1707,20251016,13,612.4000244140625
1708,20251017,1,10.015999794006348
1709,20251017,2,51.13999938964844
1710,20251017,3,85.29000091552734
1711,20251017,4,24.149999618530273
1712,20251017,5,874.7000122070312
1713,20251017,6,70.83000183105469
1714,20251017,7,1661.5
1715,20251017,8,91306.34375
1716,20251017,9,3286.787109375
1717,20251017,10,156.1123046875
1718,20251017,11,107.6050033569336
1719,20251017,12,197.36000061035156
1720,20251017,13,605.8400268554688
1721,20251018,8,91960.4609375
1722,20251018,9,3337.34912109375
1723,20251018,10,160.98512268066406
1724,20251019,8,93212.5703125
1725,20251019,9,3417.96875
1726,20251019,10,161.09030151367188
1727,20251020,1,10.192000389099121
1728,20251020,2,53.130001068115234
1729,20251020,3,87.51000213623047
1730,20251020,4,24.924999237060547
1731,20251020,5,898.7999877929688
1732,20251020,6,72.38999938964844
1733,20251020,7,1759.5
1734,20251020,8,94974.1015625
1735,20251020,9,3418.688720703125
1736,20251020,10,162.9584503173828
1737,20251020,11,109.5
1738,20251020,12,201.0500030517578
1739,20251020,13,617.4000244140625
1740,20251021,1,10.22599983215332
1741,20251021,2,53.91999816894531
1742,20251021,3,87.79000091552734
1743,20251021,4,25.094999313354492
1744,20251021,5,888.9000244140625
1745,20251021,6,69.0199966430664
1746,20251021,7,1780.5
1747,20251021,8,93515.5390625
1748,20251021,9,3342.0732421875
1749,20251021,10,160.05880737304688
1750,20251021,11,109.95500183105469
1751,20251021,12,201.60000610351562
1752,20251021,13,620.8800048828125
1753,20251022,1,10.170000076293945
1754,20251022,2,53.709999084472656
1755,20251022,3,86.8499984741211
1756,20251022,4,24.389999389648438
1757,20251022,5,870.0
1758,20251022,6,67.44499969482422
1759,20251022,7,1750.5
1760,20251022,8,92777.2734375
1761,20251022,9,3280.822998046875
1762,20251022,10,155.20355224609375
1763,20251022,11,109.3499984741211
1764,20251022,12,199.94000244140625
1765,20251022,13,616.8800048828125
1766,20251023,1,10.218000411987305
1767,20251023,2,54.93000030517578
1768,20251023,3,87.52999877929688
1769,20251023,4,24.94499969482422
1770,20251023,5,887.7999877929688
1771,20251023,6,69.28500366210938
1772,20251023,7,1766.0
1773,20251023,8,94747.25
1774,20251023,9,3319.240478515625
1775,20251023,10,164.74569702148438
1776,20251023,11,109.78500366210938
1777,20251023,12,200.4499969482422
1778,20251023,13,619.6199951171875
1779,20251024,5,893.0
1780,20251024,7,1764.0
1781,20251024,8,95511.4921875
1782,20251024,9,3384.518798828125
1783,20251024,10,166.50070190429688
1784,20251025,8,96034.328125
1785,20251025,9,3400.77978515625
1786,20251025,10,166.91372680664062
1787,20251026,8,98418.2578125
1788,20251026,9,3574.85205078125
1789,20251026,10,171.97561645507812
1790,20251027,1,10.378000259399414
1791,20251027,2,54.93000030517578
1792,20251027,3,89.77999877929688
1793,20251027,4,25.90999984741211
1794,20251027,5,905.9000244140625
1795,20251027,6,66.55999755859375
1796,20251027,7,1731.5
1797,20251027,8,97947.25
1798,20251027,9,3536.251220703125
1799,20251027,10,170.57763671875
1800,20251027,11,111.37000274658203
1801,20251027,12,201.25
1802,20251027,13,630.260009765625
1803,20251028,1,10.383999824523926
1804,20251028,2,55.08000183105469
1805,20251028,3,90.31999969482422
1806,20251028,4,25.94499969482422
1807,20251028,5,905.5999755859375
1808,20251028,6,65.86000061035156
1809,20251028,7,1745.0
1810,20251028,8,96901.9296875
1811,20251028,9,3416.271240234375
1812,20251028,10,166.80702209472656
1813,20251028,11,111.58000183105469
1814,20251028,12,201.25
1815,20251028,13,631.5
1816,20251029,1,10.416000366210938
1817,20251029,2,54.880001068115234
1818,20251029,3,90.81999969482422
1819,20251029,4,25.790000915527344
1820,20251029,5,915.5
1821,20251029,6,66.56500244140625
1822,20251029,7,1731.0
1823,20251029,8,94846.6484375
1824,20251029,9,3363.94482421875
1825,20251029,10,167.54502868652344
1826,20251029,11,111.76499938964844
1827,20251029,12,199.83999633789062
1828,20251029,13,633.4400024414062
1829,20251030,1,10.418000221252441
1830,20251030,2,54.83000183105469
1831,20251030,3,90.87999725341797
1832,20251030,4,25.84000015258789
1833,20251030,5,932.7000122070312
1834,20251030,6,67.11000061035156
1835,20251030,7,1705.0
1836,20251030,8,93595.59375
1837,20251030,9,3287.668701171875
1838,20251030,10,159.54891967773438
1839,20251030,11,111.90499877929688
1840,20251030,12,199.75999450683594
1841,20251030,13,634.52001953125
1842,20251031,1,10.407999992370605
1843,20251031,2,55.029998779296875
1844,20251031,3,91.05999755859375
1845,20251031,4,26.084999084472656
1846,20251031,5,917.9000244140625
1847,20251031,6,67.09500122070312
1848,20251031,7,1701.5
1849,20251031,8,94452.75
1850,20251031,9,3316.721923828125
1851,20251031,10,161.40077209472656
1852,20251031,11,111.83499908447266
1853,20251031,12,198.60000610351562
1854,20251031,13,634.5
1855,20251101,8,94935.9375
1856,20251101,9,3341.688720703125
1857,20251101,10,160.76248168945312
1858,20251102,8,95978.9921875
1859,20251102,9,3392.816162109375
1860,20251102,10,162.93753051757812
1861,20251103,1,10.430000305175781
1862,20251103,2,55.720001220703125
1863,20251103,3,91.30999755859375
1864,20251103,4,26.145000457763672
1865,20251103,5,925.9000244140625
1866,20251103,6,67.3949966430664
1867,20251103,7,1773.5
1868,20251103,8,92500.71875
1869,20251103,9,3127.394287109375
1870,20251103,10,144.19395446777344
1871,20251103,11,111.97000122070312
1872,20251103,12,199.8000030517578
1873,20251103,13,635.4000244140625
1874,20251104,1,10.38599967956543
1875,20251104,2,55.33000183105469
1876,20251104,3,90.54000091552734
1877,20251104,4,25.655000686645508
1878,20251104,5,917.9000244140625
1879,20251104,6,67.12000274658203
1880,20251104,7,1729.0
1881,20251104,8,88446.3359375
1882,20251104,9,2866.568115234375
1883,20251104,10,135.29649353027344
1884,20251104,11,111.54000091552734
1885,20251104,12,198.39999389648438
1886,20251104,13,632.97998046875
1887,20251105,1,10.404000282287598
1888,20251105,2,54.06999969482422
1889,20251105,3,90.54000091552734
1890,20251105,4,25.610000610351562
1891,20251105,5,910.4000244140625
1892,20251105,6,67.31500244140625
1893,20251105,7,1707.0
1894,20251105,8,90373.7421875
1895,20251105,9,2979.498291015625
1896,20251105,10,141.41346740722656
1897,20251105,11,111.73500061035156
1898,20251105,12,199.16000366210938
1899,20251105,13,634.0800170898438
1900,20251106,1,10.248000144958496
1901,20251106,2,52.72999954223633
1902,20251106,3,88.41999816894531
1903,20251106,4,25.09000015258789
1904,20251106,5,893.4000244140625
1905,20251106,6,66.91500091552734
1906,20251106,7,1708.0
1907,20251106,8,87714.5625
1908,20251106,9,2868.01123046875
1909,20251106,10,134.26817321777344
1910,20251106,11,110.06999969482422
1911,20251106,12,196.33999633789062
1912,20251106,13,623.3200073242188
1913,20251107,1,10.12399959564209
1914,20251107,2,52.040000915527344
1915,20251107,3,86.47000122070312
1916,20251107,4,24.415000915527344
1917,20251107,5,877.5999755859375
1918,20251107,6,67.43000030517578
1919,20251107,7,1749.0
1920,20251107,8,89349.5234375
1921,20251107,9,2969.288818359375
1922,20251107,10,139.77182006835938
1923,20251107,11,108.69999694824219
1924,20251107,12,195.05999755859375
1925,20251107,13,614.1400146484375
1926,20251108,8,88407.1328125
1927,20251108,9,2939.101318359375
1928,20251108,10,136.6552734375
1929,20251109,8,90719.359375
1930,20251109,9,3103.64990234375
1931,20251109,10,142.46751403808594
1932,20251110,1,10.326000213623047
1933,20251110,2,53.689998626708984
1934,20251110,3,89.12000274658203
1935,20251110,4,25.524999618530273
1936,20251110,5,886.9000244140625
1937,20251110,6,68.74500274658203
1938,20251110,7,1787.0
1939,20251110,8,91712.390625
1940,20251110,9,3087.57080078125
1941,20251110,10,144.8124542236328
1942,20251110,11,110.91500091552734
1943,20251110,12,197.0
1944,20251110,13,627.47998046875
1945,20251111,1,10.366000175476074
1946,20251111,2,53.189998626708984
1947,20251111,3,88.94000244140625
1948,20251111,4,25.360000610351562
1949,20251111,5,886.9000244140625
1950,20251111,6,68.83499908447266
1951,20251111,7,1731.5
1952,20251111,8,88891.96875
1953,20251111,9,2947.559326171875
1954,20251111,10,133.4001922607422
1955,20251111,11,111.3499984741211
1956,20251111,12,199.47999572753906
1957,20251111,13,628.760009765625
1958,20251112,1,10.40999984741211
1959,20251112,2,53.0
1960,20251112,3,89.18000030517578
1961,20251112,4,25.290000915527344
1962,20251112,5,891.5
1963,20251112,6,70.21499633789062
1964,20251112,7,1745.0
1965,20251112,8,87702.796875
1966,20251112,9,2944.408203125
1967,20251112,10,132.21609497070312
1968,20251112,11,111.95500183105469
1969,20251112,12,202.0
1970,20251112,13,631.6400146484375
1971,20251113,1,10.28600025177002
1972,20251113,2,52.380001068115234
1973,20251113,3,87.56999969482422
1974,20251113,4,24.399999618530273
1975,20251113,5,879.5999755859375
1976,20251113,6,70.11499786376953
1977,20251113,7,1750.5
1978,20251113,8,85723.390625
1979,20251113,9,2779.6376953125
1980,20251113,10,124.76934814453125
1981,20251113,11,110.4000015258789
1982,20251113,12,198.9600067138672
1983,20251113,13,622.5
1984,20251114,1,10.265999794006348
1985,20251114,2,52.15999984741211
1986,20251114,3,87.79000091552734
1987,20251114,4,24.434999465942383
1988,20251114,5,873.4000244140625
1989,20251114,6,68.45999908447266
1990,20251114,7,1727.0
1991,20251114,8,81205.8828125
1992,20251114,9,2670.037841796875
1993,20251114,10,119.29682922363281
1994,20251114,11,110.25
1995,20251114,12,197.67999267578125
1996,20251114,13,622.4199829101562
1997,20251115,8,82206.953125
1998,20251115,9,2724.452392578125
1999,20251115,10,120.0509262084961
2000,20251116,8,81084.390625
2001,20251116,9,2662.873779296875
2002,20251116,10,118.18278503417969
2003,20251117,1,10.222000122070312
2004,20251117,2,52.34000015258789
2005,20251117,3,87.4800033569336
2006,20251117,4,24.174999237060547
2007,20251117,5,877.9000244140625
2008,20251117,6,68.1500015258789
2009,20251117,7,1723.0
2010,20251117,8,79459.421875
2011,20251117,9,2609.599365234375
2012,20251117,10,112.89705657958984
2013,20251117,11,109.7750015258789
2014,20251117,12,195.4199981689453
2015,20251117,13,620.47998046875
2016,20251118,1,10.097999572753906
2017,20251118,2,51.4900016784668
2018,20251118,3,86.11000061035156
2019,20251118,4,23.729999542236328
2020,20251118,5,866.0
2021,20251118,6,68.05500030517578
2022,20251118,7,1716.0
2023,20251118,8,80265.0703125
2024,20251118,9,2696.8173828125
2025,20251118,10,121.51249694824219
2026,20251118,11,108.29499816894531
2027,20251118,12,192.05999755859375
2028,20251118,13,612.9000244140625
2029,20251119,1,10.118000030517578
2030,20251119,2,50.56999969482422
2031,20251119,3,86.52999877929688
2032,20251119,4,23.915000915527344
2033,20251119,5,886.0999755859375
2034,20251119,6,68.56500244140625
2035,20251119,7,1596.0
2036,20251119,8,79264.0625
2037,20251119,9,2619.781005859375
2038,20251119,10,118.52169799804688
2039,20251119,11,108.55000305175781
2040,20251119,12,191.8800048828125
2041,20251119,13,614.760009765625
2042,20251120,1,10.180000305175781
2043,20251120,2,50.790000915527344
2044,20251120,3,87.12999725341797
2045,20251120,4,23.905000686645508
2046,20251120,5,890.2999877929688
2047,20251120,6,68.38500213623047
2048,20251120,7,1637.0
2049,20251120,8,75112.453125
2050,20251120,9,2455.236083984375
2051,20251120,10,115.76338195800781
2052,20251120,11,109.23999786376953
2053,20251120,12,192.77999877929688
2054,20251120,13,619.9600219726562
2055,20251121,1,10.052000045776367
2056,20251121,2,49.28499984741211
2057,20251121,3,85.18000030517578
2058,20251121,4,22.905000686645508
2059,20251121,5,835.5
2060,20251121,6,68.73999786376953
2061,20251121,7,1519.5
2062,20251121,8,73892.75
2063,20251121,9,2401.733154296875
2064,20251121,10,111.58982849121094
2065,20251121,11,108.2699966430664
2066,20251121,12,191.4199981689453
2067,20251121,13,612.0800170898438
2068,20251122,8,73482.6484375
2069,20251122,9,2402.54052734375
2070,20251122,10,110.72630310058594
2071,20251123,8,75434.59375
2072,20251123,9,2434.68994140625
2073,20251123,10,113.58426666259766
2074,20251124,1,10.196000099182129
2075,20251124,2,49.459999084472656
2076,20251124,3,87.29000091552734
2077,20251124,4,23.8799991607666
2078,20251124,5,858.4000244140625
2079,20251124,6,69.0250015258789
2080,20251124,7,1443.0
2081,20251124,8,76621.40625
2082,20251124,9,2563.041015625
2083,20251124,10,120.11034393310547
2084,20251124,11,109.56500244140625
2085,20251124,12,192.4600067138672
2086,20251124,13,621.47998046875
2087,20251125,1,10.1899995803833
2088,20251125,2,49.81999969482422
2089,20251125,3,87.01000213623047
2090,20251125,4,23.899999618530273
2091,20251125,5,860.0999755859375
2092,20251125,6,69.48500061035156
2093,20251125,7,1468.0
2094,20251125,8,75522.1796875
2095,20251125,9,2557.647705078125
2096,20251125,10,120.09542083740234
2097,20251125,11,109.79499816894531
2098,20251125,12,194.36000061035156
2099,20251125,13,622.1799926757812
2100,20251126,1,10.317999839782715
2101,20251126,2,50.279998779296875
2102,20251126,3,88.44999694824219
2103,20251126,4,24.315000534057617
2104,20251126,5,905.7999877929688
2105,20251126,6,69.66000366210938
2106,20251126,7,1495.5
2107,20251126,8,78019.953125
2108,20251126,9,2609.74365234375
2109,20251126,10,123.2656478881836
2110,20251126,11,111.11499786376953
2111,20251126,12,196.5399932861328
2112,20251126,13,629.780029296875
2113,20251127,1,10.312000274658203
2114,20251127,2,50.2599983215332
2115,20251127,3,88.33999633789062
2116,20251127,4,24.219999313354492
2117,20251127,5,896.7999877929688
2118,20251127,6,69.55500030517578
2119,20251127,7,1514.0
2120,20251127,8,78692.828125
2121,20251127,9,2598.6953125
2122,20251127,10,121.41706848144531
2123,20251127,11,111.0
2124,20251127,12,196.86000061035156
2125,20251127,13,629.02001953125
2126,20251128,1,10.350000381469727
2127,20251128,2,50.349998474121094
2128,20251128,3,88.72000122070312
2129,20251128,4,24.610000610351562
2130,20251128,5,903.5999755859375
2131,20251128,6,70.45999908447266
2132,20251128,7,1480.5
2133,20251128,8,78402.140625
2134,20251128,9,2614.838134765625
2135,20251128,10,118.47528076171875
2136,20251128,11,111.46499633789062
2137,20251128,12,197.5
2138,20251128,13,631.4000244140625
2139,20251129,8,78343.921875
2140,20251129,9,2579.81103515625
2141,20251129,10,117.34693145751953
2142,20251130,8,77918.8984375
2143,20251130,9,2579.16796875
2144,20251130,10,115.13140869140625
2145,20251201,1,10.284000396728516
2146,20251201,2,49.290000915527344
2147,20251201,3,88.5199966430664
2148,20251201,4,24.434999465942383
2149,20251201,5,923.5999755859375
2150,20251201,6,70.7300033569336
2151,20251201,7,1448.0
2152,20251201,8,74372.1640625
2153,20251201,9,2412.561767578125
2154,20251201,10,109.1688232421875
2155,20251201,11,111.01000213623047
2156,20251201,12,195.32000732421875
2157,20251201,13,628.8200073242188
2158,20251202,1,10.314000129699707
2159,20251202,2,49.34000015258789
2160,20251202,3,88.91999816894531
2161,20251202,4,24.59000015258789
2162,20251202,5,938.0
2163,20251202,6,70.0
2164,20251202,7,1490.0
2165,20251202,8,78557.890625
2166,20251202,9,2578.1201171875
2167,20251202,10,119.25482177734375
2168,20251202,11,111.08499908447266
2169,20251202,12,196.36000061035156
2170,20251202,13,628.719970703125
2171,20251203,1,10.302000045776367
2172,20251203,2,49.584999084472656
2173,20251203,3,89.0
2174,20251203,4,24.420000076293945
2175,20251203,5,959.5999755859375
2176,20251203,6,70.29000091552734
2177,20251203,7,1519.0
2178,20251203,8,80168.3828125
2179,20251203,9,2735.69091796875
2180,20251203,10,124.20133972167969
2181,20251203,11,111.03500366210938
2182,20251203,12,196.22000122070312
2183,20251203,13,628.5
2184,20251204,1,10.338000297546387
2185,20251204,2,50.83000183105469
2186,20251204,3,89.01000213623047
2187,20251204,4,24.665000915527344
2188,20251204,5,957.4000244140625
2189,20251204,6,70.19000244140625
2190,20251204,7,1540.0
2191,20251204,8,79136.6640625
2192,20251204,9,2691.935791015625
2193,20251204,10,119.39388275146484
2194,20251204,11,111.33999633789062
2195,20251204,12,197.8000030517578
2196,20251204,13,628.9199829101562
2197,20251205,1,10.383999824523926
2198,20251205,2,50.2599983215332
2199,20251205,3,89.54000091552734
2200,20251205,4,24.934999465942383
2201,20251205,5,952.0
2202,20251205,6,70.33000183105469
2203,20251205,7,1529.5
2204,20251205,8,76757.3515625
2205,20251205,9,2597.08349609375
2206,20251205,10,114.4845962524414
2207,20251205,11,111.72000122070312
2208,20251205,12,198.9600067138672
2209,20251205,13,632.280029296875
2210,20251206,8,76668.09375
2211,20251206,9,2610.9638671875
2212,20251206,10,113.66230010986328
2213,20251207,8,77663.1484375
2214,20251207,9,2629.8173828125
2215,20251207,10,113.47525024414062
2216,20251208,1,10.37399959564209
2217,20251208,2,51.130001068115234
2218,20251208,3,89.45999908447266
2219,20251208,4,25.024999618530273
2220,20251208,5,963.7000122070312
2221,20251208,6,70.04499816894531
2222,20251208,7,1585.0
2223,20251208,8,77869.0
2224,20251208,9,2684.857666015625
2225,20251208,10,114.49932861328125
2226,20251208,11,111.5250015258789
2227,20251208,12,199.1199951171875
2228,20251208,13,630.7999877929688
2229,20251209,1,10.381999969482422
2230,20251209,2,52.099998474121094
2231,20251209,3,89.56999969482422
2232,20251209,4,25.125
2233,20251209,5,952.5999755859375
2234,20251209,6,70.30500030517578
2235,20251209,7,1641.5
2236,20251209,8,79714.21875
2237,20251209,9,2856.1357421875
2238,20251209,10,118.59441375732422
2239,20251209,11,111.65499877929688
2240,20251209,12,200.0500030517578
2241,20251209,13,631.52001953125
2242,20251210,1,10.347999572753906
2243,20251210,2,51.4900016784668
2244,20251210,3,89.30000305175781
2245,20251210,4,25.06999969482422
2246,20251210,5,945.0
2247,20251210,6,70.0
2248,20251210,7,1610.0
2249,20251210,8,78640.2734375
2250,20251210,9,2841.848388671875
2251,20251210,10,116.62520599365234
2252,20251210,11,111.38999938964844
2253,20251210,12,199.83999633789062
2254,20251210,13,629.8599853515625
2255,20251211,1,10.302000045776367
2256,20251211,2,51.36000061035156
2257,20251211,3,88.06999969482422
2258,20251211,4,24.6299991607666
2259,20251211,5,939.7000122070312
2260,20251211,6,70.3499984741211
2261,20251211,7,1602.5
2262,20251211,8,78794.3125
2263,20251211,9,2757.08544921875
2264,20251211,10,116.15119934082031
2265,20251211,11,110.9800033569336
2266,20251211,12,201.25
2267,20251211,13,625.8599853515625
2268,20251212,1,10.234000205993652
2269,20251212,2,51.2599983215332
2270,20251212,3,87.06999969482422
2271,20251212,4,24.18000030517578
2272,20251212,5,924.9000244140625
2273,20251212,6,70.80500030517578
2274,20251212,7,1616.0
2275,20251212,8,76868.4140625
2276,20251212,9,2626.281005859375
2277,20251212,10,112.67876434326172
2278,20251212,11,110.30999755859375
2279,20251212,12,200.25
2280,20251212,13,621.9000244140625
2281,20251213,8,76935.0390625
2282,20251213,9,2655.443115234375
2283,20251213,10,113.52764129638672
2284,20251214,8,75125.25
2285,20251214,9,2607.626708984375
2286,20251214,10,110.31788635253906
2287,20251215,1,10.260000228881836
2288,20251215,2,51.25
2289,20251215,3,86.94000244140625
2290,20251215,4,24.040000915527344
2291,20251215,5,931.4000244140625
2292,20251215,6,70.87999725341797
2293,20251215,7,1573.5
2294,20251215,8,73526.3828125
2295,20251215,9,2521.94189453125
2296,20251215,10,108.69639587402344
2297,20251215,11,110.44999694824219
2298,20251215,12,200.5500030517578
2299,20251215,13,621.7999877929688
2300,20251216,1,10.182000160217285
2301,20251216,2,50.209999084472656
2302,20251216,3,86.25
2303,20251216,4,23.649999618530273
2304,20251216,5,912.4000244140625
2305,20251216,6,70.94499969482422
2306,20251216,7,1502.0
2307,20251216,8,74765.6875
2308,20251216,9,2522.870849609375
2309,20251216,10,110.0081558227539
2310,20251216,11,109.73500061035156
2311,20251216,12,199.3800048828125
2312,20251216,13,617.7000122070312
2313,20251217,1,10.149999618530273
2314,20251217,2,50.040000915527344
2315,20251217,3,85.58999633789062
2316,20251217,4,23.420000076293945
2317,20251217,5,874.2000122070312
2318,20251217,6,71.44000244140625
2319,20251217,7,1527.0
2320,20251217,8,73366.3125
2321,20251217,9,2411.429931640625
2322,20251217,10,104.8578109741211
2323,20251217,11,109.26499938964844
2324,20251217,12,198.27999877929688
2325,20251217,13,614.9400024414062
2326,20251218,1,10.270000457763672
2327,20251218,2,50.9900016784668
2328,20251218,3,87.02999877929688
2329,20251218,4,23.834999084472656
2330,20251218,5,889.0999755859375
2331,20251218,6,72.32499694824219
2332,20251218,7,1550.0
2333,20251218,8,72890.375
2334,20251218,9,2411.187255859375
2335,20251218,10,101.98054504394531
2336,20251218,11,110.4749984741211
2337,20251218,12,200.39999389648438
2338,20251218,13,622.1400146484375
2339,20251219,1,10.32800006866455
2340,20251219,2,51.52000045776367
2341,20251219,3,87.70999908447266
2342,20251219,4,24.135000228881836
2343,20251219,5,901.2000122070312
2344,20251219,6,72.01000213623047
2345,20251219,7,1559.5
2346,20251219,8,75221.6953125
2347,20251219,9,2542.55859375
2348,20251219,10,107.74198150634766
2349,20251219,11,110.95500183105469
2350,20251219,12,201.10000610351562
2351,20251219,13,624.47998046875
2352,20251220,8,75433.5859375
2353,20251220,9,2542.444580078125
2354,20251220,10,107.4235610961914
2355,20251221,8,75677.8359375
2356,20251221,9,2563.2041015625
2357,20251221,10,107.58943176269531
2358,20251222,1,10.312000274658203
2359,20251222,2,52.29999923706055
2360,20251222,3,87.94999694824219
2361,20251222,4,24.475000381469727
2362,20251222,5,898.9000244140625
2363,20251222,6,73.25
2364,20251222,7,1545.0
2365,20251222,8,75223.5078125
2366,20251222,9,2555.400146484375
2367,20251222,10,106.94097900390625
2368,20251222,11,111.16500091552734
2369,20251222,12,201.0500030517578
2370,20251222,13,626.3599853515625
2371,20251223,1,10.355999946594238
2372,20251223,2,52.5
2373,20251223,3,87.9800033569336
2374,20251223,4,24.280000686645508
2375,20251223,5,902.5999755859375
2376,20251223,6,73.55999755859375
2377,20251223,7,1541.0
2378,20251223,8,74112.296875
2379,20251223,9,2512.4404296875
2380,20251223,10,105.0099868774414
2381,20251223,11,111.41500091552734
2382,20251223,12,201.5500030517578
2383,20251223,13,627.4400024414062
2384,20251224,8,74408.3125
2385,20251224,9,2501.67236328125
2386,20251224,10,104.00335693359375
2387,20251225,8,74027.921875
2388,20251225,9,2463.9951171875
2389,20251225,10,101.78784942626953
2390,20251226,8,74150.78125
2391,20251226,9,2485.02587890625
2392,20251226,10,103.7889633178711
2393,20251227,8,74569.7578125
2394,20251227,9,2503.71435546875
2395,20251227,10,105.8624267578125
2396,20251228,8,74610.0390625
2397,20251228,9,2504.59033203125
2398,20251228,10,106.34758758544922
2399,20251229,1,10.369999885559082
2400,20251229,2,52.119998931884766
2401,20251229,3,88.04000091552734
2402,20251229,4,24.165000915527344
2403,20251229,5,908.0
2404,20251229,6,71.62999725341797
2405,20251229,7,1526.0
2406,20251229,8,74005.8125
2407,20251229,9,2492.282958984375
2408,20251229,10,104.56939697265625
2409,20251229,11,111.56999969482422
2410,20251229,12,201.6999969482422
2411,20251229,13,628.7000122070312
2412,20251230,1,10.434000015258789
2413,20251230,2,52.2400016784668
2414,20251230,3,88.12000274658203
2415,20251230,4,24.239999771118164
2416,20251230,5,921.5
2417,20251230,6,72.68499755859375
2418,20251230,7,1561.0
2419,20251230,8,75287.9140625
2420,20251230,9,2529.813720703125
2421,20251230,10,106.3644027709961
2422,20251230,11,111.7750015258789
2423,20251230,12,203.0500030517578
2424,20251230,13,629.219970703125
2425,20251231,8,74586.5703125
2426,20251231,9,2528.901123046875
2427,20251231,10,106.10209655761719
2428,20260101,8,75510.03125
2429,20260101,9,2553.305419921875
2430,20260101,10,107.87244415283203
2431,20260102,1,10.37600040435791
2432,20260102,2,52.849998474121094
2433,20260102,3,87.19999694824219
2434,20260102,4,24.15999984741211
2435,20260102,5,986.5
2436,20260102,6,71.36000061035156
2437,20260102,7,1602.0
2438,20260102,8,76704.8359375
2439,20260102,9,2664.507568359375
2440,20260102,10,112.68359375
2441,20260102,11,111.31999969482422
2442,20260102,12,203.1999969482422
2443,20260102,13,624.739990234375
2444,20260103,8,77257.3359375
2445,20260103,9,2665.469970703125
2446,20260103,10,113.66360473632812
2447,20260104,8,78096.6484375
2448,20260104,9,2683.18115234375
2449,20260104,10,114.39352416992188
2450,20260105,1,10.52400016784668
2451,20260105,2,55.779998779296875
2452,20260105,3,88.4000015258789
2453,20260105,4,24.815000534057617
2454,20260105,5,1053.199951171875
2455,20260105,6,73.62999725341797
2456,20260105,7,1752.0
2457,20260105,8,80141.1484375
2458,20260105,9,2753.927978515625
2459,20260105,10,117.79266357421875
2460,20260105,11,112.74500274658203
2461,20260105,12,205.85000610351562
2462,20260105,13,632.1599731445312
2463,20260106,1,10.574000358581543
2464,20260106,2,56.68000030517578
2465,20260106,3,88.62999725341797
2466,20260106,4,24.934999465942383
2467,20260106,5,1060.0
2468,20260106,6,74.5
2469,20260106,7,1740.5
2470,20260106,8,80197.9296875
2471,20260106,9,2820.130615234375
2472,20260106,10,120.7288818359375
2473,20260106,11,113.11499786376953
2474,20260106,12,206.10000610351562
2475,20260106,13,634.239990234375
2476,20260107,1,10.593999862670898
2477,20260107,2,58.56999969482422
2478,20260107,3,89.41999816894531
2479,20260107,4,25.200000762939453
2480,20260107,5,1051.5999755859375
2481,20260107,6,74.125
2482,20260107,7,1825.0
2483,20260107,8,78196.671875
2484,20260107,9,2712.10107421875
2485,20260107,10,116.73915100097656
2486,20260107,11,113.4749984741211
2487,20260107,12,207.9499969482422
2488,20260107,13,637.4000244140625
2489,20260108,1,10.576000213623047
2490,20260108,2,59.75
2491,20260108,3,88.62000274658203
2492,20260108,4,24.65999984741211
2493,20260108,5,1010.7999877929688
2494,20260108,6,74.2750015258789
2495,20260108,7,1851.0
2496,20260108,8,78081.3359375
2497,20260108,9,2662.88037109375
2498,20260108,10,118.62547302246094
2499,20260108,11,113.25499725341797
2500,20260108,12,208.0500030517578
2501,20260108,13,635.97998046875
2502,20260109,1,10.67199993133545
2503,20260109,2,61.5099983215332
2504,20260109,3,89.68000030517578
2505,20260109,4,24.854999542236328
2506,20260109,5,1083.5999755859375
2507,20260109,6,75.1500015258789
2508,20260109,7,1900.0
2509,20260109,8,77793.203125
2510,20260109,9,2649.783447265625
2511,20260109,10,116.67841339111328
2512,20260109,11,114.19000244140625
2513,20260109,12,209.10000610351562
2514,20260109,13,640.5800170898438
2515,20260110,8,77684.5234375
2516,20260110,9,2649.223876953125
2517,20260110,10,116.65316009521484
2518,20260111,8,78138.3203125
2519,20260111,9,2683.158203125
2520,20260111,10,120.00279998779297
2521,20260112,1,10.673999786376953
2522,20260112,2,61.97999954223633
2523,20260112,3,89.6500015258789
2524,20260112,4,24.924999237060547
2525,20260112,5,1085.800048828125
2526,20260112,6,76.80000305175781
2527,20260112,7,1890.0
2528,20260112,8,78159.8671875
2529,20260112,9,2650.37646484375
2530,20260112,10,119.25111389160156
2531,20260112,11,114.16999816894531
2532,20260112,12,210.39999389648438
2533,20260112,13,639.6400146484375
2534,20260113,1,10.696000099182129
2535,20260113,2,62.720001220703125
2536,20260113,3,89.91999816894531
2537,20260113,4,25.059999465942383
2538,20260113,5,1101.199951171875
2539,20260113,6,76.74500274658203
2540,20260113,7,1904.0
2541,20260113,8,81877.5
2542,20260113,9,2853.543701171875
2543,20260113,10,124.85902404785156
2544,20260113,11,114.34500122070312
2545,20260113,12,210.4499969482422
2546,20260113,13,641.3200073242188
2547,20260114,1,10.618000030517578
2548,20260114,2,62.310001373291016
2549,20260114,3,88.41000366210938
2550,20260114,4,24.584999084472656
2551,20260114,5,1086.199951171875
2552,20260114,6,76.92500305175781
2553,20260114,7,1899.0
2554,20260114,8,83236.703125
2555,20260114,9,2880.821044921875
2556,20260114,10,126.02191162109375
2557,20260114,11,113.58999633789062
2558,20260114,12,209.35000610351562
2559,20260114,13,635.0999755859375
2560,20260115,1,10.767999649047852
2561,20260115,2,63.220001220703125
2562,20260115,3,90.02999877929688
2563,20260115,4,25.1200008392334
2564,20260115,5,1149.5999755859375
2565,20260115,6,77.12000274658203
2566,20260115,7,1913.5
2567,20260115,8,82307.796875
2568,20260115,9,2857.35107421875
2569,20260115,10,122.60517120361328
2570,20260115,11,114.94999694824219
2571,20260115,12,209.89999389648438
2572,20260115,13,643.8200073242188
2573,20260116,1,10.73799991607666
2574,20260116,2,63.86000061035156
2575,20260116,3,89.5199966430664
2576,20260116,4,25.09000015258789
2577,20260116,5,1167.800048828125
2578,20260116,6,76.88500213623047
2579,20260116,7,1902.0
2580,20260116,8,82333.1015625
2581,20260116,9,2840.376220703125
2582,20260116,10,124.85523986816406
2583,20260116,11,114.79499816894531
2584,20260116,12,209.4499969482422
2585,20260116,13,642.4600219726562
2586,20260117,8,81936.765625
2587,20260117,9,2850.87109375
2588,20260117,10,123.83203125
2589,20260118,8,80549.578125
2590,20260118,9,2822.635498046875
2591,20260118,10,118.71138763427734
2592,20260119,1,10.618000030517578
2593,20260119,2,64.08999633789062
2594,20260119,3,87.83000183105469
2595,20260119,4,24.475000381469727
2596,20260119,5,1121.5999755859375
2597,20260119,6,77.875
2598,20260119,7,1920.0
2599,20260119,8,79517.609375
2600,20260119,9,2737.791748046875
2601,20260119,10,114.55821228027344
2602,20260119,11,113.125
2603,20260119,12,206.5500030517578
2604,20260119,13,632.0999755859375
2605,20260120,1,10.505999565124512
2606,20260120,2,63.310001373291016
2607,20260120,3,87.4800033569336
2608,20260120,4,24.5049991607666
2609,20260120,5,1142.0
2610,20260120,6,78.48999786376953
2611,20260120,7,1909.0
2612,20260120,8,75304.7421875
2613,20260120,9,2503.258544921875
2614,20260120,10,107.1921615600586
2615,20260120,11,112.18499755859375
2616,20260120,12,204.5500030517578
2617,20260120,13,627.1199951171875
2618,20260121,1,10.526000022888184
2619,20260121,2,62.349998474121094
2620,20260121,3,87.62000274658203
2621,20260121,4,24.479999542236328
2622,20260121,5,1155.0
2623,20260121,6,80.33499908447266
2624,20260121,7,1853.5
2625,20260121,8,76567.3671875
2626,20260121,9,2551.962158203125
2627,20260121,10,110.83634185791016
2628,20260121,11,112.24500274658203
2629,20260121,12,203.1999969482422
2630,20260121,13,627.7999877929688
2631,20260122,1,10.592000007629395
2632,20260122,2,61.41999816894531
2633,20260122,3,88.27999877929688
2634,20260122,4,24.815000534057617
2635,20260122,5,1176.4000244140625
2636,20260122,6,80.61499786376953
2637,20260122,7,1790.5
2638,20260122,8,76112.6875
2639,20260122,9,2509.483154296875
2640,20260122,10,109.1448974609375
2641,20260122,11,113.00499725341797
2642,20260122,12,205.8000030517578
2643,20260122,13,631.8400268554688
2644,20260123,1,10.5600004196167
2645,20260123,2,62.11000061035156
2646,20260123,3,88.52999877929688
2647,20260123,4,24.809999465942383
2648,20260123,5,1178.199951171875
2649,20260123,6,82.22000122070312
2650,20260123,7,1830.0
2651,20260123,8,75681.078125
2652,20260123,9,2497.161376953125
2653,20260123,10,107.69210815429688
2654,20260123,11,112.81500244140625
2655,20260123,12,206.1999969482422
2656,20260123,13,630.6799926757812
2657,20260124,8,75332.4375
2658,20260124,9,2492.806396484375
2659,20260124,10,107.40875244140625
2660,20260125,8,72992.5859375
2661,20260125,9,2374.20263671875
2662,20260125,10,100.14226531982422
2663,20260126,1,10.541999816894531
2664,20260126,2,60.68000030517578
2665,20260126,3,88.0999984741211
2666,20260126,4,24.690000534057617
2667,20260126,5,1180.800048828125
2668,20260126,6,82.93000030517578
2669,20260126,7,1791.0
2670,20260126,8,74336.8203125
2671,20260126,9,2464.603515625
2672,20260126,10,104.5479965209961
2673,20260126,11,112.38500213623047
2674,20260126,12,206.5
2675,20260126,13,627.219970703125
2676,20260127,1,10.520000457763672
2677,20260127,2,61.209999084472656
2678,20260127,3,87.98999786376953
2679,20260127,4,24.7549991607666
2680,20260127,5,1219.800048828125
2681,20260127,6,82.48999786376953
2682,20260127,7,1850.0
2683,20260127,8,74125.9453125
2684,20260127,9,2514.228515625
2685,20260127,10,105.69904327392578
2686,20260127,11,112.23500061035156
2687,20260127,12,206.0500030517578
2688,20260127,13,625.1199951171875
2689,20260128,1,10.550000190734863
2690,20260128,2,61.58000183105469
2691,20260128,3,88.58999633789062
2692,20260128,4,24.8799991607666
2693,20260128,5,1194.5999755859375
2694,20260128,6,85.9749984741211
2695,20260128,7,1845.0
2696,20260128,8,74445.3046875
2697,20260128,9,2509.71435546875
2698,20260128,10,104.44049835205078
2699,20260128,11,112.32499694824219
2700,20260128,12,205.4499969482422
2701,20260128,13,626.97998046875
2702,20260129,1,10.468000411987305
2703,20260129,2,60.5
2704,20260129,3,86.95999908447266
2705,20260129,4,24.040000915527344
2706,20260129,5,1192.4000244140625
2707,20260129,6,85.57499694824219
2708,20260129,7,1795.5
2709,20260129,8,70655.6875
2710,20260129,9,2354.78271484375
2711,20260129,10,98.26585388183594
2712,20260129,11,111.41999816894531
2713,20260129,12,201.35000610351562
2714,20260129,13,620.47998046875
2715,20260130,1,10.526000022888184
2716,20260130,2,59.959999084472656
2717,20260130,3,87.91000366210938
2718,20260130,4,24.19499969482422
2719,20260130,5,1215.199951171875
2720,20260130,6,81.15499877929688
2721,20260130,7,1781.5
2722,20260130,8,70972.28125
2723,20260130,9,2279.76708984375
2724,20260130,10,99.00933074951172
2725,20260130,11,112.27999877929688
2726,20260130,12,203.35000610351562
2727,20260130,13,626.260009765625
2728,20260131,8,66326.03125
2729,20260131,9,2062.718505859375
2730,20260131,10,88.95226287841797
2731,20260201,8,64977.8984375
2732,20260201,9,1914.5003662109375
2733,20260201,10,85.13287353515625
2734,20260202,1,10.62600040435791
2735,20260202,2,59.36000061035156
2736,20260202,3,88.68000030517578
2737,20260202,4,24.34000015258789
2738,20260202,5,1224.4000244140625
2739,20260202,6,76.72000122070312
2740,20260202,7,1729.0
2741,20260202,8,66692.7421875
2742,20260202,9,1986.9617919921875
2743,20260202,10,88.54463195800781
2744,20260202,11,113.44000244140625
2745,20260202,12,205.1999969482422
2746,20260202,13,633.6599731445312
2747,20260203,1,10.59000015258789
2748,20260203,2,60.720001220703125
2749,20260203,3,87.37000274658203
2750,20260203,4,23.549999237060547
2751,20260203,5,1190.0
2752,20260203,6,81.91500091552734
2753,20260203,7,1760.5
2754,20260203,8,64010.79296875
2755,20260203,9,1885.2454833984375
2756,20260203,10,82.5710678100586
2757,20260203,11,112.96499633789062
2758,20260203,12,205.14999389648438
2759,20260203,13,629.3599853515625
2760,20260204,1,10.562000274658203
2761,20260204,2,58.529998779296875
2762,20260204,3,85.94000244140625
2763,20260204,4,22.969999313354492
2764,20260204,5,1140.800048828125
2765,20260204,6,80.97000122070312
2766,20260204,7,1679.5
2767,20260204,8,61872.94921875
2768,20260204,9,1816.28955078125
2769,20260204,10,77.98066711425781
2770,20260204,11,112.69999694824219
2771,20260204,12,203.85000610351562
2772,20260204,13,626.6400146484375
2773,20260205,1,10.461999893188477
2774,20260205,2,57.130001068115234
2775,20260205,3,85.08999633789062
2776,20260205,4,22.665000915527344
2777,20260205,5,1149.199951171875
2778,20260205,6,79.79499816894531
2779,20260205,7,1571.0
2780,20260205,8,53242.796875
2781,20260205,9,1546.8621826171875
2782,20260205,10,66.39198303222656
2783,20260205,11,111.56500244140625
2784,20260205,12,202.6999969482422
2785,20260205,13,620.47998046875
2786,20260206,1,10.564000129699707
2787,20260206,2,57.970001220703125
2788,20260206,3,85.75
2789,20260206,4,23.09000015258789
2790,20260206,5,1193.199951171875
2791,20260206,6,81.06999969482422
2792,20260206,7,1604.5
2793,20260206,8,59703.96875
2794,20260206,9,1746.0380859375
2795,20260206,10,74.0126953125
2796,20260206,11,112.67500305175781
2797,20260206,12,204.6999969482422
2798,20260206,13,626.1799926757812
2799,20260207,8,58626.40625
2800,20260207,9,1769.0228271484375
2801,20260207,10,74.16082763671875
2802,20260208,8,59411.56640625
2803,20260208,9,1766.1304931640625
2804,20260208,10,73.59918212890625
2805,20260209,1,10.630000114440918
2806,20260209,2,59.220001220703125
2807,20260209,3,86.22000122070312
2808,20260209,4,23.559999465942383
2809,20260209,5,1205.4000244140625
2810,20260209,6,82.75499725341797
2811,20260209,7,1649.0
2812,20260209,8,58907.5546875
2813,20260209,9,1767.179931640625
2814,20260209,10,72.83704376220703
2815,20260209,11,113.22000122070312
2816,20260209,12,207.0500030517578
2817,20260209,13,627.9600219726562
2818,20260210,1,10.649999618530273
2819,20260210,2,57.90999984741211
2820,20260210,3,86.18000030517578
2821,20260210,4,23.969999313354492
2822,20260210,5,1192.5999755859375
2823,20260210,6,81.81999969482422
2824,20260210,7,1629.0
2825,20260210,8,57865.96875
2826,20260210,9,1698.6982421875
2827,20260210,10,69.74427795410156
2828,20260210,11,113.46499633789062
2829,20260210,12,206.85000610351562
2830,20260210,13,627.780029296875
2831,20260211,1,10.666000366210938
2832,20260211,2,56.529998779296875
2833,20260211,3,85.8499984741211
2834,20260211,4,23.5
2835,20260211,5,1205.0
2836,20260211,6,82.93499755859375
2837,20260211,7,1592.0
2838,20260211,8,56415.27734375
2839,20260211,9,1634.236083984375
2840,20260211,10,66.74159240722656
2841,20260211,11,113.40499877929688
2842,20260211,12,205.6999969482422
2843,20260211,13,626.9000244140625
2844,20260212,1,10.569999694824219
2845,20260212,2,55.81999969482422
2846,20260212,3,84.83000183105469
2847,20260212,4,23.200000762939453
2848,20260212,5,1180.0
2849,20260212,6,80.7699966430664
2850,20260212,7,1579.5
2851,20260212,8,55793.23046875
2852,20260212,9,1640.33642578125
2853,20260212,10,66.0101318359375
2854,20260212,11,112.38999938964844
2855,20260212,12,205.8000030517578
2856,20260212,13,620.739990234375
2857,20260213,1,10.555999755859375
2858,20260213,2,56.529998779296875
2859,20260213,3,84.77999877929688
2860,20260213,4,23.645000457763672
2861,20260213,5,1190.5999755859375
2862,20260213,6,82.00499725341797
2863,20260213,7,1609.0
2864,20260213,8,58012.38671875
2865,20260213,9,1725.8739013671875
2866,20260213,10,71.04132080078125
2867,20260213,11,112.25499725341797
2868,20260213,12,206.1999969482422
2869,20260213,13,619.3599853515625
2870,20260214,8,58766.5234375
2871,20260214,9,1757.0836181640625
2872,20260214,10,74.25946044921875
2873,20260215,8,57965.94921875
2874,20260215,9,1656.7313232421875
2875,20260215,10,72.47417449951172
2876,20260216,1,10.541999816894531
2877,20260216,2,56.9900016784668
2878,20260216,3,84.44000244140625
2879,20260216,4,23.545000076293945
2880,20260216,5,1195.5999755859375
2881,20260216,6,81.69499969482422
2882,20260216,7,1620.0
2883,20260216,8,58093.2265625
2884,20260216,9,1685.94091796875
2885,20260216,10,72.93284606933594
2886,20260216,11,112.0
2887,20260216,12,205.1999969482422
2888,20260216,13,618.280029296875
2889,20260217,1,10.565999984741211
2890,20260217,2,56.93000030517578
2891,20260217,3,84.68000030517578
2892,20260217,4,23.559999465942383
2893,20260217,5,1200.4000244140625
2894,20260217,6,80.05000305175781
2895,20260217,7,1611.5
2896,20260217,8,56950.5390625
2897,20260217,9,1680.981689453125
2898,20260217,10,71.88838195800781
2899,20260217,11,112.33499908447266
2900,20260217,12,206.9499969482422
2901,20260217,13,619.9000244140625
2902,20260218,1,10.680000305175781
2903,20260218,2,58.709999084472656
2904,20260218,3,86.05000305175781
2905,20260218,4,24.020000457763672
2906,20260218,5,1245.0
2907,20260218,6,82.19000244140625
2908,20260218,7,1694.0
2909,20260218,8,56344.0859375
2910,20260218,9,1657.42333984375
2911,20260218,10,69.18769836425781
2912,20260218,11,113.54499816894531
2913,20260218,12,209.1999969482422
2914,20260218,13,626.5800170898438
2915,20260219,1,10.663999557495117
2916,20260219,2,59.83000183105469
2917,20260219,3,85.72000122070312
2918,20260219,4,23.985000610351562
2919,20260219,5,1238.4000244140625
2920,20260219,6,82.48999786376953
2921,20260219,7,1743.5
2922,20260219,8,56895.6171875
2923,20260219,9,1655.4390869140625
2924,20260219,10,70.01176452636719
2925,20260219,11,113.3499984741211
2926,20260219,12,207.25
2927,20260219,13,625.760009765625
2928,20260220,1,10.722000122070312
2929,20260220,2,60.400001525878906
2930,20260220,3,86.16999816894531
2931,20260220,4,24.315000534057617
2932,20260220,5,1253.4000244140625
2933,20260220,6,83.5199966430664
2934,20260220,7,1740.0
2935,20260220,8,57685.59765625
2936,20260220,9,1670.22314453125
2937,20260220,10,71.79173278808594
2938,20260220,11,113.76000213623047
2939,20260220,12,209.10000610351562
2940,20260220,13,627.4400024414062
2941,20260221,8,57720.77734375
2942,20260221,9,1675.284423828125
2943,20260221,10,72.32618713378906
2944,20260222,8,57179.42578125
2945,20260222,9,1654.555419921875
2946,20260222,10,69.96723937988281
2947,20260223,1,10.637999534606934
2948,20260223,2,59.11000061035156
2949,20260223,3,85.02999877929688
2950,20260223,4,23.229999542236328
2951,20260223,5,1252.800048828125
2952,20260223,6,85.7300033569336
2953,20260223,7,1701.5
2954,20260223,8,54792.66796875
2955,20260223,9,1573.3995361328125
2956,20260223,10,65.93201446533203
2957,20260223,11,112.92500305175781
2958,20260223,12,206.85000610351562
2959,20260223,13,622.02001953125
2960,20260224,1,10.704000473022461
2961,20260224,2,59.27000045776367
2962,20260224,3,85.91000366210938
2963,20260224,4,23.59000015258789
2964,20260224,5,1270.0
2965,20260224,6,84.6500015258789
2966,20260224,7,1724.5
2967,20260224,8,54423.8828125
2968,20260224,9,1573.7474365234375
2969,20260224,10,67.1265869140625
2970,20260224,11,113.42500305175781
2971,20260224,12,206.89999389648438
2972,20260224,13,625.4600219726562
2973,20260225,1,10.784000396728516
2974,20260225,2,59.13999938964844
2975,20260225,3,86.9000015258789
2976,20260225,4,23.915000915527344
2977,20260225,5,1288.5999755859375
2978,20260225,6,85.61000061035156
2979,20260225,7,1682.0
2980,20260225,8,57526.81640625
2981,20260225,9,1739.1993408203125
2982,20260225,10,74.41871643066406
2983,20260225,11,114.2699966430664
2984,20260225,12,208.3000030517578
2985,20260225,13,630.0399780273438
2986,20260226,1,10.744000434875488
2987,20260226,2,59.13999938964844
2988,20260226,3,86.16999816894531
2989,20260226,4,24.014999389648438
2990,20260226,5,1237.199951171875
2991,20260226,6,85.29000091552734
2992,20260226,7,1674.0
2993,20260226,8,57148.25
2994,20260226,9,1717.1412353515625
2995,20260226,10,72.78401184082031
2996,20260226,11,114.03500366210938
2997,20260226,12,209.10000610351562
2998,20260226,13,627.8800048828125
2999,20260227,1,10.706000328063965
3000,20260227,2,58.9900016784668
3001,20260227,3,85.7300033569336
3002,20260227,4,23.420000076293945
3003,20260227,5,1229.199951171875
3004,20260227,6,85.87000274658203
3005,20260227,7,1663.5
3006,20260227,8,55746.01171875
3007,20260227,9,1633.718017578125
3008,20260227,10,69.34341430664062
3009,20260227,11,113.53500366210938
3010,20260227,12,209.14999389648438
3011,20260227,13,624.02001953125
3012,20260228,8,56689.6875
3013,20260228,9,1662.7608642578125
3014,20260228,10,71.38787841796875
3015,20260301,8,55904.140625
3016,20260301,9,1648.995849609375
3017,20260301,10,71.07502746582031
3018,20260302,1,10.711999893188477
3019,20260302,2,61.5099983215332
3020,20260302,3,86.51000213623047
3021,20260302,4,23.575000762939453
3022,20260302,5,1211.199951171875
3023,20260302,6,87.8550033569336
3024,20260302,7,1627.5
3025,20260302,8,58809.47265625
3026,20260302,9,1733.495361328125
3027,20260302,10,74.08023071289062
3028,20260302,11,113.95500183105469
3029,20260302,12,203.64999389648438
3030,20260302,13,629.6199951171875
3031,20260303,1,10.5600004196167
3032,20260303,2,62.290000915527344
3033,20260303,3,86.18000030517578
3034,20260303,4,23.19499969482422
3035,20260303,5,1162.0
3036,20260303,6,85.76000213623047
3037,20260303,7,1580.0
3038,20260303,8,58819.1328125
3039,20260303,9,1707.6954345703125
3040,20260303,10,74.94732666015625
3041,20260303,11,112.61499786376953
3042,20260303,12,196.94000244140625
3043,20260303,13,627.5
3044,20260304,1,10.668000221252441
3045,20260304,2,62.31999969482422
3046,20260304,3,87.62000274658203
3047,20260304,4,23.469999313354492
3048,20260304,5,1198.199951171875
3049,20260304,6,85.9800033569336
3050,20260304,7,1638.5
3051,20260304,8,62493.14453125
3052,20260304,9,1827.6845703125
3053,20260304,10,78.07005310058594
3054,20260304,11,113.8499984741211
3055,20260304,12,200.25
3056,20260304,13,633.4400024414062
3057,20260305,1,10.60200023651123
3058,20260305,2,60.84000015258789
3059,20260305,3,87.79000091552734
3060,20260305,4,23.604999542236328
3061,20260305,5,1185.4000244140625
3062,20260305,6,84.90499877929688
3063,20260305,7,1547.0
3064,20260305,8,61034.8046875
3065,20260305,9,1784.8394775390625
3066,20260305,10,76.41386413574219
3067,20260305,11,113.30500030517578
3068,20260305,12,196.97999572753906
3069,20260305,13,632.3400268554688
3070,20260306,5,1146.0
3071,20260306,7,1592.5
3072,20260306,8,58624.63671875
3073,20260306,9,1702.517578125
3074,20260306,10,72.86022186279297
3075,20260306,12,195.1999969482422
3076,20260307,8,57908.72265625
3077,20260307,9,1695.321044921875
3078,20260307,10,71.60189056396484
3079,20260308,8,57242.8359375
3080,20260308,9,1680.4171142578125
3081,20260308,10,70.82671356201172
3082,20260309,1,10.45199966430664
3083,20260309,2,63.33000183105469
3084,20260309,3,86.47000122070312
3085,20260309,4,23.219999313354492
3086,20260309,5,1147.199951171875
3087,20260309,6,85.42500305175781
3088,20260309,7,1625.0
3089,20260309,8,58884.87890625
3090,20260309,9,1715.6407470703125
3091,20260309,10,73.11815643310547
3092,20260309,11,111.51499938964844
3093,20260309,12,193.67999267578125
3094,20260309,13,622.4000244140625
3095,20260310,1,10.607999801635742
3096,20260310,2,62.83000183105469
3097,20260310,3,87.6500015258789
3098,20260310,4,23.614999771118164
3099,20260310,5,1178.199951171875
3100,20260310,6,87.16999816894531
3101,20260310,7,1653.0
3102,20260310,8,60221.0625
3103,20260310,9,1754.3681640625
3104,20260310,10,73.92388153076172
3105,20260310,11,113.03500366210938
3106,20260310,12,198.27999877929688
3107,20260310,13,628.7999877929688
3108,20260311,1,10.574000358581543
3109,20260311,2,61.88999938964844
3110,20260311,3,87.70999908447266
3111,20260311,4,23.739999771118164
3112,20260311,5,1196.199951171875
3113,20260311,6,86.69499969482422
3114,20260311,7,1520.5
3115,20260311,8,60821.71875
3116,20260311,9,1777.372314453125
3117,20260311,10,74.99518585205078
3118,20260311,11,112.63500213623047
3119,20260311,12,195.66000366210938
3120,20260311,13,628.0399780273438
3121,20260312,1,10.503999710083008
3122,20260312,2,62.5
3123,20260312,3,87.0199966430664
3124,20260312,4,23.364999771118164
3125,20260312,5,1180.0
3126,20260312,6,86.3949966430664
3127,20260312,7,1550.5
3128,20260312,8,61186.83984375
3129,20260312,9,1799.438720703125
3130,20260312,10,75.39942169189453
3131,20260312,11,112.02999877929688
3132,20260312,12,195.17999267578125
3133,20260312,13,624.7000122070312
3134,20260313,1,10.496000289916992
3135,20260313,2,62.31999969482422
3136,20260313,3,86.87999725341797
3137,20260313,4,23.354999542236328
3138,20260313,5,1178.4000244140625
3139,20260313,6,85.6449966430664
3140,20260313,7,1592.5
3141,20260313,8,61894.51171875
3142,20260313,9,1825.0155029296875
3143,20260313,10,76.88231658935547
3144,20260313,11,111.87000274658203
3145,20260313,12,193.97999572753906
3146,20260313,13,624.5999755859375
3147,20260314,8,62122.94140625
3148,20260314,9,1829.35986328125
3149,20260314,10,76.8270492553711
3150,20260315,8,63652.52734375
3151,20260315,9,1904.1356201171875
3152,20260315,10,80.6713638305664
3153,20260316,1,10.541999816894531
3154,20260316,2,62.439998626708984
3155,20260316,3,87.20999908447266
3156,20260316,4,23.674999237060547
3157,20260316,5,1197.199951171875
3158,20260316,6,84.125
3159,20260316,7,1624.5
3160,20260316,8,65105.63671875
3161,20260316,9,2044.784912109375
3162,20260316,10,83.6844253540039
3163,20260316,11,112.18499755859375
3164,20260316,12,195.0399932861328
3165,20260316,13,625.3599853515625
3166,20260317,1,10.569999694824219
3167,20260317,2,62.95000076293945
3168,20260317,3,87.38999938964844
3169,20260317,4,23.71500015258789
3170,20260317,5,1198.5999755859375
3171,20260317,6,84.2249984741211
3172,20260317,7,1635.0
3173,20260317,8,64061.5859375
3174,20260317,9,2008.836669921875
3175,20260317,10,82.07266998291016
3176,20260317,11,112.44000244140625
3177,20260317,12,196.3000030517578
3178,20260317,13,626.1799926757812
3179,20260318,1,10.498000144958496
3180,20260318,2,63.0099983215332
3181,20260318,3,86.95999908447266
3182,20260318,4,23.940000534057617
3183,20260318,5,1191.5999755859375
3184,20260318,6,82.19499969482422
3185,20260318,7,1605.5
3186,20260318,8,62152.078125
3187,20260318,9,1922.40380859375
3188,20260318,10,78.5700912475586
3189,20260318,11,111.72000122070312
3190,20260318,12,194.4199981689453
3191,20260318,13,622.3599853515625
3192,20260319,1,10.324000358581543
3193,20260319,2,61.810001373291016
3194,20260319,3,85.45999908447266
3195,20260319,4,23.6200008392334
3196,20260319,5,1169.0
3197,20260319,6,77.19999694824219
3198,20260319,7,1550.0
3199,20260319,8,60391.71484375
3200,20260319,9,1846.3388671875
3201,20260319,10,76.8085708618164
3202,20260319,11,109.8550033569336
3203,20260319,12,188.8800048828125
3204,20260319,13,613.3400268554688
3205,20260320,1,10.208000183105469
3206,20260320,2,60.31999969482422
3207,20260320,3,84.58999633789062
3208,20260320,4,23.149999618530273
3209,20260320,5,1128.5999755859375
3210,20260320,6,77.0250015258789
3211,20260320,7,1503.0
3212,20260320,8,60945.6171875
3213,20260320,9,1855.0028076171875
3214,20260320,10,77.65145874023438
3215,20260320,11,108.7249984741211
3216,20260320,12,185.1999969482422
3217,20260320,13,608.52001953125
3218,20260321,8,59297.98046875
3219,20260321,9,1792.1812744140625
3220,20260321,10,75.48252868652344
3221,20260322,8,58679.0546875
3222,20260322,9,1775.67333984375
3223,20260322,10,74.4920654296875
3224,20260323,1,10.251999855041504
3225,20260323,2,60.16999816894531
3226,20260323,3,84.75
3227,20260323,4,23.34000015258789
3228,20260323,5,1175.800048828125
3229,20260323,6,73.2750015258789
3230,20260323,7,1483.0
3231,20260323,8,61090.31640625
3232,20260323,9,1853.9876708984375
3233,20260323,10,78.75818634033203
3234,20260323,11,109.15499877929688
3235,20260323,12,187.27999877929688
3236,20260323,13,610.1599731445312
3237,20260324,1,10.246000289916992
3238,20260324,2,59.18000030517578
3239,20260324,3,84.41999816894531
3240,20260324,4,23.1200008392334
3241,20260324,5,1204.5999755859375
3242,20260324,6,73.91000366210938
3243,20260324,7,1471.5
3244,20260324,8,60719.26171875
3245,20260324,9,1856.1649169921875
3246,20260324,10,78.20246887207031
3247,20260324,11,109.12000274658203
3248,20260324,12,187.1199951171875
3249,20260324,13,609.2999877929688
3250,20260325,1,10.354000091552734
3251,20260325,2,60.630001068115234
3252,20260325,3,85.11000061035156
3253,20260325,4,23.3700008392334
3254,20260325,5,1211.199951171875
3255,20260325,6,76.38500213623047
3256,20260325,7,1486.5
3257,20260325,8,61678.76953125
3258,20260325,9,1875.20849609375
3259,20260325,10,79.32211303710938
3260,20260325,11,110.18499755859375
3261,20260325,12,190.13999938964844
3262,20260325,13,613.260009765625
3263,20260326,1,10.22599983215332
3264,20260326,2,58.869998931884766
3265,20260326,3,83.94000244140625
3266,20260326,4,22.854999542236328
3267,20260326,5,1168.0
3268,20260326,6,73.83999633789062
3269,20260326,7,1436.0
3270,20260326,8,59639.859375
3271,20260326,9,1785.580322265625
3272,20260326,10,74.94377899169922
3273,20260326,11,109.0199966430664
3274,20260326,12,187.0
3275,20260326,13,607.2000122070312
3276,20260327,1,10.09000015258789
3277,20260327,2,57.119998931884766
3278,20260327,3,82.16000366210938
3279,20260327,4,22.049999237060547
3280,20260327,5,1146.0
3281,20260327,6,76.06500244140625
3282,20260327,7,1379.5
3283,20260327,8,57473.6171875
3284,20260327,9,1725.1795654296875
3285,20260327,10,71.92507934570312
3286,20260327,11,107.4749984741211
3287,20260327,12,184.4600067138672
3288,20260327,13,597.9199829101562
3289,20260328,8,57451.95703125
3290,20260328,9,1726.2474365234375
3291,20260328,10,71.04913330078125
3292,20260329,8,57391.79296875
3293,20260329,9,1725.157958984375
3294,20260329,10,70.85108947753906
3295,20260330,1,10.14799976348877
3296,20260330,2,56.54999923706055
3297,20260330,3,82.41000366210938
3298,20260330,4,22.014999389648438
3299,20260330,5,1111.800048828125
3300,20260330,6,77.0
3301,20260330,7,1409.5
3302,20260330,8,58212.02734375
3303,20260330,9,1766.237060546875
3304,20260330,10,71.96178436279297
3305,20260330,11,108.20500183105469
3306,20260330,12,186.60000610351562
3307,20260330,13,600.4400024414062
3308,20260331,1,10.137999534606934
3309,20260331,2,56.650001525878906
3310,20260331,3,82.30000305175781
3311,20260331,4,22.059999465942383
3312,20260331,5,1117.199951171875
3313,20260331,6,77.75
3314,20260331,7,1444.5
3315,20260331,8,58955.76953125
3316,20260331,9,1818.5352783203125
3317,20260331,10,71.806640625
3318,20260331,11,108.05500030517578
3319,20260331,12,187.67999267578125
3320,20260331,13,600.1199951171875
3321,20260401,1,10.368000030517578
3322,20260401,2,59.70000076293945
3323,20260401,3,84.41000366210938
3324,20260401,4,22.915000915527344
3325,20260401,5,1186.4000244140625
3326,20260401,6,79.91999816894531
3327,20260401,7,1581.5
3328,20260401,8,58739.80859375
3329,20260401,9,1845.353759765625
3330,20260401,10,70.05722045898438
3331,20260401,11,110.3550033569336
3332,20260401,12,192.77999877929688
3333,20260401,13,610.2999877929688
3334,20260402,1,10.350000381469727
3335,20260402,2,60.45000076293945
3336,20260402,3,84.4800033569336
3337,20260402,4,22.989999771118164
3338,20260402,5,1159.4000244140625
3339,20260402,6,78.5
3340,20260402,7,1570.5
3341,20260402,8,57954.734375
3342,20260402,9,1782.1331787109375
3343,20260402,10,68.40634155273438
3344,20260402,11,110.37999725341797
3345,20260402,12,191.3800048828125
3346,20260402,13,611.5800170898438
3347,20260403,8,58092.37890625
3348,20260403,9,1782.221435546875
3349,20260403,10,69.75531768798828
3350,20260404,8,58409.3828125
3351,20260404,9,1792.762451171875
3352,20260404,10,70.14312744140625
3353,20260405,8,59933.19921875
3354,20260405,9,1832.3480224609375
3355,20260405,10,71.11723327636719
3356,20260406,8,59668.76171875
3357,20260406,9,1826.4281005859375
3358,20260406,10,69.4533462524414
3359,20260407,1,10.284000396728516
3360,20260407,2,60.02000045776367
3361,20260407,3,84.02999877929688
3362,20260407,4,22.729999542236328
3363,20260407,5,1113.800048828125
3364,20260407,6,77.95999908447266
3365,20260407,7,1531.0
3366,20260407,8,61560.08984375
3367,20260407,9,1918.327392578125
3368,20260407,10,73.28951263427734
3369,20260407,11,109.7249984741211
3370,20260407,12,189.5800018310547
3371,20260407,13,608.6599731445312
3372,20260408,1,10.57800006866455
3373,20260408,2,60.90999984741211
3374,20260408,3,86.48999786376953
3375,20260408,4,23.670000076293945
3376,20260408,5,1201.5999755859375
3377,20260408,6,78.96499633789062
3378,20260408,7,1578.0
3379,20260408,8,61001.86328125
3380,20260408,9,1878.6309814453125
3381,20260408,10,70.82957458496094
3382,20260408,11,112.48999786376953
3383,20260408,12,199.24000549316406
3384,20260408,13,621.6599731445312
3385,20260409,1,10.588000297546387
3386,20260409,2,60.220001220703125
3387,20260409,3,86.73999786376953
3388,20260409,4,23.28499984741211
3389,20260409,5,1227.800048828125
3390,20260409,6,79.4800033569336
3391,20260409,7,1550.199951171875
3392,20260409,8,61383.80859375
3393,20260409,9,1872.3990478515625
3394,20260409,10,71.24546813964844
3395,20260409,11,112.68499755859375
3396,20260409,12,197.05999755859375
3397,20260409,13,624.239990234375
3398,20260410,1,10.628000259399414
3399,20260410,2,58.84000015258789
3400,20260410,3,87.23999786376953
3401,20260410,4,23.299999237060547
3402,20260410,5,1270.4000244140625
3403,20260410,6,78.93000030517578
3404,20260410,7,1463.800048828125
3405,20260410,8,62213.109375
3406,20260410,9,1913.942138671875
3407,20260410,10,72.31449890136719
3408,20260410,11,112.94999694824219
3409,20260410,12,196.83999633789062
3410,20260410,13,625.719970703125
3411,20260411,8,62298.41796875
3412,20260411,9,1948.9097900390625
3413,20260411,10,72.4416732788086
3414,20260412,8,60602.34765625
3415,20260412,9,1877.683837890625
3416,20260412,10,69.83729553222656
3417,20260413,1,10.649999618530273
3418,20260413,2,59.650001525878906
3419,20260413,3,87.3499984741211
3420,20260413,4,23.729999542236328
3421,20260413,5,1259.4000244140625
3422,20260413,6,78.08999633789062
3423,20260413,7,1495.4000244140625
3424,20260413,8,63300.24609375
3425,20260413,9,2014.7353515625
3426,20260413,10,73.64447021484375
3427,20260413,11,112.94499969482422
3428,20260413,12,196.27999877929688
3429,20260413,13,625.6599731445312
3430,20260414,1,10.741999626159668
3431,20260414,2,59.779998779296875
3432,20260414,3,88.52999877929688
3433,20260414,4,24.600000381469727
3434,20260414,5,1284.5999755859375
3435,20260414,6,79.12000274658203
3436,20260414,7,1486.5999755859375
3437,20260414,8,62875.66796875
3438,20260414,9,1969.2154541015625
3439,20260414,10,71.0066146850586
3440,20260414,11,114.19999694824219
3441,20260414,12,198.8800048828125
3442,20260414,13,632.7999877929688
3443,20260415,1,10.803999900817871
3444,20260415,2,59.560001373291016
3445,20260415,3,89.68000030517578
3446,20260415,4,25.170000076293945
3447,20260415,5,1229.800048828125
3448,20260415,6,78.92500305175781
3449,20260415,7,1515.199951171875
3450,20260415,8,63356.68359375
3451,20260415,9,1998.3416748046875
3452,20260415,10,71.92302703857422
3453,20260415,11,114.63500213623047
3454,20260415,12,199.17999267578125
3455,20260415,13,636.97998046875
3456,20260416,1,10.868000030517578
3457,20260416,2,59.720001220703125
3458,20260416,3,90.97000122070312
3459,20260416,4,25.739999771118164
3460,20260416,5,1221.0
3461,20260416,6,79.13500213623047
3462,20260416,7,1497.199951171875
3463,20260416,8,63792.359375
3464,20260416,9,1993.630859375
3465,20260416,10,75.5421142578125
3466,20260416,11,115.31999969482422
3467,20260416,12,199.72000122070312
3468,20260416,13,642.1799926757812
3469,20260417,1,10.989999771118164
3470,20260417,2,59.70000076293945
3471,20260417,3,91.9800033569336
3472,20260417,4,26.014999389648438
3473,20260417,5,1243.800048828125
3474,20260417,6,80.05000305175781
3475,20260417,7,1495.199951171875
3476,20260417,8,65514.42578125
3477,20260417,9,2056.548095703125
3478,20260417,10,75.49299621582031
3479,20260417,11,116.69999694824219
3480,20260417,12,204.4499969482422
3481,20260417,13,649.4000244140625
3482,20260418,8,64332.8203125
3483,20260418,9,1997.36572265625
3484,20260418,10,73.23308563232422
3485,20260419,8,62915.125
3486,20260419,9,1929.3876953125
3487,20260419,10,71.1990966796875
3488,20260420,1,10.944000244140625
3489,20260420,2,59.209999084472656
3490,20260420,3,91.45999908447266
3491,20260420,4,26.094999313354492
3492,20260420,5,1244.5999755859375
3493,20260420,6,79.12000274658203
3494,20260420,7,1475.800048828125
3495,20260420,8,64384.2109375
3496,20260420,9,1964.6522216796875
3497,20260420,10,72.41218566894531
3498,20260420,11,116.19999694824219
3499,20260420,12,202.0
3500,20260420,13,647.4000244140625
3501,20260421,1,10.916000366210938
3502,20260421,2,58.029998779296875
3503,20260421,3,91.95999908447266
3504,20260421,4,26.575000762939453
3505,20260421,5,1238.4000244140625
3506,20260421,6,78.31999969482422
3507,20260421,7,1431.0
3508,20260421,8,65014.3125
3509,20260421,9,1982.2645263671875
3510,20260421,10,73.25399780273438
3511,20260421,11,116.04499816894531
3512,20260421,12,200.5500030517578
3513,20260421,13,648.4600219726562
3514,20260422,1,10.982000350952148
3515,20260422,2,57.880001068115234
3516,20260422,3,93.06999969482422
3517,20260422,4,26.93000030517578
3518,20260422,5,1250.0
3519,20260422,6,78.28500366210938
3520,20260422,7,1422.800048828125
3521,20260422,8,66806.171875
3522,20260422,9,2029.8089599609375
3523,20260422,10,74.2491455078125
3524,20260422,11,116.56500244140625
3525,20260422,12,200.0
3526,20260422,13,652.9600219726562
3527,20260423,1,11.013999938964844
3528,20260423,2,57.810001373291016
3529,20260423,3,93.7300033569336
3530,20260423,4,26.7549991607666
3531,20260423,5,1227.199951171875
3532,20260423,6,78.41999816894531
3533,20260423,7,1407.0
3534,20260423,8,66990.0859375
3535,20260423,9,1995.5335693359375
3536,20260423,10,73.727783203125
3537,20260423,11,116.95999908447266
3538,20260423,12,199.63999938964844
3539,20260423,13,655.760009765625
3540,20260424,1,11.003999710083008
3541,20260424,2,56.369998931884766
3542,20260424,3,94.4000015258789
3543,20260424,4,27.020000457763672
3544,20260424,5,1245.0
3545,20260424,6,78.2300033569336
3546,20260424,7,1319.199951171875
3547,20260424,8,66072.7890625
3548,20260424,9,1975.3856201171875
3549,20260424,10,73.55958557128906
3550,20260424,11,116.7249984741211
3551,20260424,12,199.47999572753906
3552,20260424,13,655.719970703125
3553,20260425,8,66204.9140625
3554,20260425,9,1978.016845703125
3555,20260425,10,73.48902130126953
3556,20260426,8,67195.484375
3557,20260426,9,2024.40966796875
3558,20260426,10,74.29696655273438
3559,20260427,1,10.972000122070312
3560,20260427,2,55.779998779296875
3561,20260427,3,94.31999969482422
3562,20260427,4,26.770000457763672
3563,20260427,5,1212.199951171875
3564,20260427,6,77.37000274658203
3565,20260427,7,1345.800048828125
3566,20260427,8,65994.65625
3567,20260427,9,1964.5411376953125
3568,20260427,10,72.35059356689453
3569,20260427,11,116.62999725341797
3570,20260427,12,199.1199951171875
3571,20260427,13,655.1400146484375
3572,20260428,1,10.95199966430664
3573,20260428,2,55.209999084472656
3574,20260428,3,93.36000061035156
3575,20260428,4,26.200000762939453
3576,20260428,5,1173.199951171875
3577,20260428,6,75.78500366210938
3578,20260428,7,1343.199951171875
3579,20260428,8,65158.58203125
3580,20260428,9,1953.8182373046875
3581,20260428,10,71.7198715209961
3582,20260428,11,116.25
3583,20260428,12,198.4199981689453
3584,20260428,13,653.3800048828125
3585,20260429,1,10.956000328063965
3586,20260429,2,55.11000061035156
3587,20260429,3,94.44000244140625
3588,20260429,4,26.28499984741211
3589,20260429,5,1192.800048828125
3590,20260429,6,75.45999908447266
3591,20260429,7,1338.0
3592,20260429,8,64848.234375
3593,20260429,9,1928.4439697265625
3594,20260429,10,71.05331420898438
3595,20260429,11,116.33999633789062
3596,20260429,12,197.9199981689453
3597,20260429,13,655.3800048828125
3598,20260430,1,11.041999816894531
3599,20260430,2,55.91999816894531
3600,20260430,3,94.51000213623047
3601,20260430,4,26.809999465942383
3602,20260430,5,1217.4000244140625
3603,20260430,6,76.4800033569336
3604,20260430,7,1355.800048828125
3605,20260430,8,65056.984375
3606,20260430,9,1923.6776123046875
3607,20260430,10,70.78597259521484
3608,20260430,11,117.03500366210938
3609,20260430,12,200.60000610351562
3610,20260430,13,656.5800170898438
3611,20260501,8,66692.0078125
3612,20260501,9,1957.87109375
3613,20260501,10,71.42184448242188
3614,20260502,8,67065.0546875
3615,20260502,9,1974.8748779296875
3616,20260502,10,71.85626220703125
3617,20260503,8,66980.1484375
3618,20260503,9,1979.97216796875
3619,20260503,10,71.55249786376953
3620,20260504,1,11.064000129699707
3621,20260504,2,56.720001220703125
3622,20260504,3,95.9800033569336
3623,20260504,4,27.934999465942383
3624,20260504,5,1187.199951171875
3625,20260504,6,75.22000122070312
3626,20260504,7,1388.199951171875
3627,20260504,8,68277.125
3628,20260504,9,2006.8826904296875
3629,20260504,10,71.92239379882812
3630,20260504,11,117.4000015258789
3631,20260504,12,198.1199951171875
3632,20260504,13,661.4400024414062
3633,20260505,1,11.170000076293945
3634,20260505,2,56.209999084472656
3635,20260505,3,97.30000305175781
3636,20260505,4,28.565000534057617
3637,20260505,5,1229.4000244140625
3638,20260505,6,75.87000274658203
3639,20260505,7,1435.4000244140625
3640,20260505,8,69080.8671875
3641,20260505,9,2015.55029296875
3642,20260505,10,73.68370056152344
3643,20260505,11,118.23999786376953
3644,20260505,12,201.64999389648438
3645,20260505,13,666.0
3646,20260506,1,11.312000274658203
3647,20260506,2,55.93000030517578
3648,20260506,3,98.45999908447266
3649,20260506,4,28.889999389648438
3650,20260506,5,1301.0
3651,20260506,6,77.4800033569336
3652,20260506,7,1441.5999755859375
3653,20260506,8,69314.125
3654,20260506,9,2001.089599609375
3655,20260506,10,75.88353729248047
3656,20260506,11,119.56999969482422
3657,20260506,12,205.75
3658,20260506,13,671.4600219726562
3659,20260507,1,11.305999755859375
3660,20260507,2,54.5
3661,20260507,3,99.4000015258789
3662,20260507,4,29.704999923706055
3663,20260507,5,1296.4000244140625
3664,20260507,6,78.23500061035156
3665,20260507,7,1341.5999755859375
3666,20260507,8,68203.2421875
3667,20260507,9,1953.01806640625
3668,20260507,10,75.35924530029297
3669,20260507,11,119.59500122070312
3670,20260507,12,203.64999389648438
3671,20260507,13,673.6599731445312
3672,20260508,1,11.312000274658203
3673,20260508,2,53.70000076293945
3674,20260508,3,100.45999908447266
3675,20260508,4,29.399999618530273
3676,20260508,5,1319.800048828125
3677,20260508,6,77.66500091552734
3678,20260508,7,1218.4000244140625
3679,20260508,8,67995.328125
3680,20260508,9,1956.224853515625
3681,20260508,10,77.96995544433594
3682,20260508,11,119.54499816894531
3683,20260508,12,200.85000610351562
3684,20260508,13,674.760009765625
3685,20260509,8,68436.6796875
3686,20260509,9,1974.0250244140625
3687,20260509,10,79.02584075927734
3688,20260510,8,69802.40625
3689,20260510,9,2013.23486328125
3690,20260510,10,81.94452667236328
3691,20260511,1,11.355999946594238
3692,20260511,2,53.38999938964844
3693,20260511,3,101.18000030517578
3694,20260511,4,30.239999771118164
3695,20260511,5,1305.800048828125
3696,20260511,6,77.92500305175781
3697,20260511,7,1185.5999755859375
3698,20260511,8,69381.6875
3699,20260511,9,1985.9559326171875
3700,20260511,10,82.64356231689453
3701,20260511,11,119.93000030517578
3702,20260511,12,200.85000610351562
3703,20260511,13,677.0599975585938
3704,20260512,1,11.251999855041504
3705,20260512,2,52.650001525878906
3706,20260512,3,99.81999969482422
3707,20260512,4,29.204999923706055
3708,20260512,5,1265.4000244140625
3709,20260512,6,77.08999633789062
3710,20260512,7,1162.0
3711,20260512,8,68579.78125
3712,20260512,9,1938.362548828125
3713,20260512,10,80.34539794921875
3714,20260512,11,119.15499877929688
3715,20260512,12,197.60000610351562
3716,20260512,13,673.5
3717,20260513,1,11.392000198364258
3718,20260513,2,52.630001068115234
3719,20260513,3,101.45999908447266
3720,20260513,4,29.969999313354492
3721,20260513,5,1322.0
3722,20260513,6,77.79000091552734
3723,20260513,7,1121.5999755859375
3724,20260513,8,67665.953125
3725,20260513,9,1926.925048828125
3726,20260513,10,77.74481964111328
3727,20260513,11,120.42500305175781
3728,20260513,12,199.1999969482422
3729,20260513,13,680.6599731445312
3730,20260514,1,11.529999732971191
3731,20260514,2,53.349998474121094
3732,20260514,3,103.26000213623047
3733,20260514,4,30.40999984741211
3734,20260514,5,1366.4000244140625
3735,20260514,6,77.8949966430664
3736,20260514,7,1143.199951171875
3737,20260514,8,69500.5546875
3738,20260514,9,1955.87646484375
3739,20260514,10,79.01652526855469
3740,20260514,11,122.0
3741,20260514,12,201.6999969482422
3742,20260514,13,691.2000122070312
3743,20260515,1,11.411999702453613
3744,20260515,2,52.16999816894531
3745,20260515,3,102.45999908447266
3746,20260515,4,29.940000534057617
3747,20260515,5,1306.199951171875
3748,20260515,6,75.875
3749,20260515,7,1120.0
3750,20260515,8,68028.1171875
3751,20260515,9,1912.9522705078125
3752,20260515,10,76.74798583984375
3753,20260515,11,121.05999755859375
3754,20260515,12,197.60000610351562
3755,20260515,13,687.7000122070312
3756,20260516,8,67198.265625
3757,20260516,9,1874.732666015625
3758,20260516,10,74.42717742919922
3759,20260517,8,66668.453125
3760,20260517,9,1831.9515380859375
3761,20260517,10,73.33586883544922
3762,20260518,1,11.35200023651123
3763,20260518,2,52.16999816894531
3764,20260518,3,101.04000091552734
3765,20260518,4,29.545000076293945
3766,20260518,5,1265.800048828125
3767,20260518,6,75.625
3768,20260518,7,1172.0
3769,20260518,8,66027.296875
3770,20260518,9,1826.2838134765625
3771,20260518,10,73.1854248046875
3772,20260518,11,120.41000366210938
3773,20260518,12,200.5500030517578
3774,20260518,13,682.0
3775,20260519,1,11.32800006866455
3776,20260519,2,52.77000045776367
3777,20260519,3,100.5999984741211
3778,20260519,4,29.325000762939453
3779,20260519,5,1251.0
3780,20260519,6,75.27999877929688
3781,20260519,7,1207.0
3782,20260519,8,66125.203125
3783,20260519,9,1817.8519287109375
3784,20260519,10,72.55042266845703
3785,20260519,11,120.29000091552734
3786,20260519,12,201.14999389648438
3787,20260519,13,680.9400024414062
3788,20260520,1,11.446000099182129
3789,20260520,2,53.72999954223633
3790,20260520,3,102.19999694824219
3791,20260520,4,30.290000915527344
3792,20260520,5,1333.5999755859375
3793,20260520,6,75.66999816894531
3794,20260520,7,1233.5999755859375
3795,20260520,8,66631.1875
3796,20260520,9,1829.6864013671875
3797,20260520,10,74.01551818847656
3798,20260520,11,121.3550033569336
3799,20260520,12,204.10000610351562
3800,20260520,13,686.260009765625
3801,20260521,1,11.465999603271484
3802,20260521,2,53.540000915527344
3803,20260521,3,102.27999877929688
3804,20260521,4,31.014999389648438
3805,20260521,5,1345.800048828125
3806,20260521,6,75.48999786376953
3807,20260521,7,1209.4000244140625
3808,20260521,8,66737.65625
3809,20260521,9,1834.49658203125
3810,20260521,10,75.0149917602539
3811,20260521,11,121.5199966430664
3812,20260521,12,203.0
3813,20260521,13,687.280029296875
3814,20260522,1,11.557999610900879
3815,20260522,2,54.25
3816,20260522,3,103.86000061035156
3817,20260522,4,32.20500183105469
3818,20260522,5,1408.800048828125
3819,20260522,6,75.59500122070312
3820,20260522,7,1227.199951171875
3821,20260522,8,65028.44140625
3822,20260522,9,1778.556640625
3823,20260522,10,72.62532806396484
3824,20260522,11,122.8499984741211
3825,20260522,12,205.3000030517578
3826,20260522,13,694.8200073242188
3827,20260523,8,66074.9609375
3828,20260523,9,1823.4677734375
3829,20260523,10,73.81808471679688
3830,20260524,8,66125.40625
3831,20260524,9,1802.1390380859375
3832,20260524,10,73.22795104980469
3833,20260525,1,11.654000282287598
3834,20260525,2,54.84000015258789
3835,20260525,3,104.33999633789062
3836,20260525,4,32.900001525878906
3837,20260525,5,1430.0
3838,20260525,6,76.1500015258789
3839,20260525,7,1243.5999755859375
3840,20260525,8,66415.375
3841,20260525,9,1814.5390625
3842,20260525,10,73.05913543701172
3843,20260525,11,123.5
3844,20260525,12,209.5
3845,20260525,13,696.5399780273438
3846,20260526,1,11.64799976348877
3847,20260526,2,55.619998931884766
3848,20260526,3,104.76000213623047
3849,20260526,4,32.7599983215332
3850,20260526,5,1391.199951171875
3851,20260526,6,75.2300033569336
3852,20260526,7,1237.199951171875
3853,20260526,8,65162.96875
3854,20260526,9,1779.64990234375
3855,20260526,10,71.83241271972656
3856,20260526,11,123.11499786376953
3857,20260526,12,207.8000030517578
3858,20260526,13,695.739990234375
3859,20260527,1,11.63599967956543
3860,20260527,2,55.11000061035156
3861,20260527,3,104.41999816894531
3862,20260527,4,32.32500076293945
3863,20260527,5,1376.800048828125
3864,20260527,6,74.0
3865,20260527,7,1232.800048828125
3866,20260527,8,63994.65625
3867,20260527,9,1740.673828125
3868,20260527,10,70.90108489990234
3869,20260527,11,122.81500244140625
3870,20260527,12,207.60000610351562
3871,20260527,13,694.5
3872,20260528,1,11.65999984741211
3873,20260528,2,57.27000045776367
3874,20260528,3,105.4800033569336
3875,20260528,4,33.42499923706055
3876,20260528,5,1391.4000244140625
3877,20260528,6,74.63999938964844
3878,20260528,7,1284.0
3879,20260528,8,63108.70703125
3880,20260528,9,1722.8717041015625
3881,20260528,10,70.35948181152344
3882,20260528,11,123.17500305175781
3883,20260528,12,206.9499969482422
3884,20260528,13,697.6799926757812
3885,20260529,1,11.684000015258789
3886,20260529,2,56.810001373291016
3887,20260529,3,105.69999694824219
3888,20260529,4,33.4900016784668
3889,20260529,5,1384.199951171875
3890,20260529,6,76.05999755859375
3891,20260529,7,1293.4000244140625
3892,20260529,8,62913.19921875
3893,20260529,9,1725.1689453125
3894,20260529,10,70.2529296875
3895,20260529,11,123.41999816894531
3896,20260529,12,207.14999389648438
3897,20260529,13,698.9000244140625
3898,20260530,8,63236.44140625
3899,20260530,9,1731.457275390625
3900,20260530,10,70.77497100830078
3901,20260531,8,63162.203125
3902,20260531,9,1720.5648193359375
3903,20260531,10,70.64642333984375
